abramoff-2018-clinical-ai-validation.md	Abràmoff M. D. Pivotal trial of an autonomous AI-based diagnostic system for detection of diabetic retinopathy in primary care offices / M. D. Abràmoff, P. T. Lavin, M. Birch [et al.] // npj Digital Medicine. – 2018. – Vol. 1. – Art. No. 39. – DOI: 10.1038/s41746-018-0040-6.	#pinned
araf-2024.md	Araf I. Cost-sensitive learning for imbalanced medical data: a review / I. Araf, A. Idri, I. Chairi // Artificial Intelligence Review. – 2024. – Vol. 57. – Art. No. 80. – DOI: 10.1007/s10462-023-10652-8.	
arora-2024-efficientnet.md	Arora L. Ensemble deep learning and EfficientNet for accurate diagnosis of diabetic retinopathy / L. Arora, S. K. Singh, S. Kumar [et al.] // Scientific Reports. – 2024. – Vol. 14. – Art. No. 30554. – DOI: 10.1038/s41598-024-81132-4.	
arrieta-2022.md	Arrieta J. Deep semi-supervised and self-supervised learning for diabetic retinopathy detection / J. Arrieta, O. J. Perdomo, F. A. González // 18th International Symposium on Medical Information Processing and Analysis (SIPAIM 2022), Valparaíso, Chile. – SPIE, 2023. – Vol. 12567. – DOI: 10.1117/12.2669723.	#pinned
azizi-2021-micle.md	Azizi S. Big self-supervised models advance medical image classification / S. Azizi, B. Mustafa, F. Ryan [et al.] // 2021 IEEE/CVF International Conference on Computer Vision (ICCV), Montreal, QC, Canada. – IEEE, 2021. – P. 3458–3468. – DOI: 10.1109/ICCV48922.2021.00346.	#pinned
baget-bernaldiz-2021.md	Baget-Bernaldiz M. Testing a deep learning algorithm for detection of diabetic retinopathy in a Spanish diabetic population and with MESSIDOR database / M. Baget-Bernaldiz, P. Romero-Aroca, E. Santos-Blanco [et al.] // Diagnostics. – 2021. – Vol. 11, No. 8. – Art. No. 1385. – DOI: 10.3390/diagnostics11081385.	#pinned
beede-2020-human-centered-dr.md	Beede E. A Human-Centered Evaluation of a Deep Learning System Deployed in Clinics for the Detection of Diabetic Retinopathy / E. Beede, E. Baylor, F. Hersch [et al.] // Proceedings of the 2020 CHI Conference on Human Factors in Computing Systems (CHI '20). – 2020. – P. 1–12. – DOI: 10.1145/3313831.3376718.	#pinned
bellemo-2019-ai-dr-africa.md	Bellemo V. Artificial intelligence using deep learning to screen for referable and vision-threatening diabetic retinopathy in Africa: a clinical validation study / V. Bellemo, Z. W. Lim, G. Lim [et al.] // The Lancet Digital Health. – 2019. – Vol. 1, No. 1. – P. e35–e44. – DOI: 10.1016/S2589-7500(19)30004-4.	#pinned
brancati-2025-fhir.md	Brancati N. Machine learning-enhanced architecture model for integrated and FHIR-based health data / N. Brancati, T. Conte, S. De Pietro [et al.] // Preprints.org. – 2025. – Vol. 2025090818. – DOI: 10.20944/preprints202509.0818.v1.	no-pages
buades-2011-non-local-means.md	Buades A. Non-Local Means Denoising / A. Buades, B. Coll, J.-M. Morel // Image Processing On Line. – 2011. – Vol. 1. – P. 208–212. – DOI: 10.5201/ipol.2011.bcm_nlm.	
buda-2018-class-imbalance.md	Buda M. A systematic study of the class imbalance problem in convolutional neural networks / M. Buda, A. Maki, M. A. Mazurowski // Neural Networks. – 2018. – Vol. 106. – P. 249–259. – arXiv:1710.05381. – DOI: 10.1016/j.neunet.2018.07.011.	#pinned
burlina-2017-amd-dcnn.md	Burlina P. M. Automated Grading of Age-Related Macular Degeneration From Color Fundus Images Using Deep Convolutional Neural Networks / P. M. Burlina, N. Joshi, M. Pekala [et al.] // JAMA Ophthalmology. – 2017. – Vol. 135, No. 11. – P. 1170–1176. – DOI: 10.1001/jamaophthalmol.2017.3782.	#pinned
caron-2021-dino.md	Caron M. Emerging properties in self-supervised vision transformers / M. Caron, H. Touvron, I. Misra [et al.] // 2021 IEEE/CVF International Conference on Computer Vision (ICCV), Montreal, QC, Canada. – IEEE, 2021. – P. 9630–9640. – DOI: 10.1109/ICCV48922.2021.00951.	#pinned
chakka-2023.md	Full Citation (APA 7)	unparsed
chattopadhyay-2018-grad-cam-plus-plus.md	Chattopadhyay A. Grad-CAM++: generalized gradient-based visual explanations for deep convolutional networks / A. Chattopadhyay, A. Sarkar, P. Howlader [et al.] // 2018 IEEE Winter Conference on Applications of Computer Vision (WACV), Lake Tahoe, NV, USA. – IEEE, 2018. – P. 839–847. – DOI: 10.1109/WACV.2018.00097.	#pinned
chen-2020-simclr.md	Chen T. A Simple Framework for Contrastive Learning of Visual Representations / T. Chen, S. Kornblith, M. Norouzi [et al.] // Proceedings of the 37th International Conference on Machine Learning (ICML). – 2020. – P. 1597–1607. – arXiv:2002.05709.	
chen-2021-simsiam.md	Chen X. Exploring simple Siamese representation learning / X. Chen, K. He // 2021 IEEE/CVF Conference on Computer Vision and Pattern Recognition (CVPR), Nashville, TN, USA. – IEEE, 2021. – P. 15745–15753. – DOI: 10.1109/CVPR46437.2021.01549.	#pinned
cheplygina-2018-not-so-supervised-survey.md	Cheplygina V. Not-so-supervised: A survey of semi-supervised, multi-instance, and transfer learning in medical image analysis / V. Cheplygina, M. de Bruijne, J. P. W. Pluim // Medical Image Analysis. – 2019. – Vol. 54. – P. 280–296. – DOI: 10.1016/j.media.2019.03.009.	#pinned-external
chin-2021-encrypted-cloud-search.md	Chin T.-L. Concisely indexed multi-keyword rank search on encrypted cloud documents / T.-L. Chin, W.-N. Shih // Applied Sciences. – 2021. – Vol. 11, No. 23. – Art. No. 11529. – DOI: 10.3390/app112311529.	
cuadros-2009-eyepacs.md	Cuadros J. EyePACS: An Adaptable Telemedicine System for Diabetic Retinopathy Screening / J. Cuadros, G. Bresnick // Journal of Diabetes Science and Technology. – 2009. – Vol. 3, No. 3. – P. 509–516. – DOI: 10.1177/193229680900300315.	#pinned
cubuk-2020-randaugment.md	Cubuk E. D. RandAugment: practical automated data augmentation with a reduced search space / E. D. Cubuk, B. Zoph, J. Shlens [et al.] // 2020 IEEE/CVF Conference on Computer Vision and Pattern Recognition Workshops (CVPRW), Seattle, WA, USA. – IEEE, 2020. – P. 3008–3017. – DOI: 10.1109/CVPRW50498.2020.00359.	#pinned
cui-2019-class-balanced-loss.md	Cui Y. Class-balanced loss based on effective number of samples / Y. Cui, M. Jia, T.-Y. Lin [et al.] // 2019 IEEE/CVF Conference on Computer Vision and Pattern Recognition (CVPR), Long Beach, CA, USA. – IEEE, 2019. – P. 9260–9269. – DOI: 10.1109/CVPR.2019.00949.	#pinned
dai-2021-deepdr.md	Dai L. A deep learning system for detecting diabetic retinopathy across the disease spectrum / L. Dai, L. Wu, H. Li [et al.] // Nature Communications. – 2021. – Vol. 12. – Art. No. 3242. – DOI: 10.1038/S41467-021-23458-5.	#pinned
decenciere-2014-messidor.md	Decencière E. Feedback on a Publicly Distributed Image Database: The Messidor Database / E. Decencière, X. Zhang, G. Cazuguel [et al.] // Image Analysis & Stereology. – 2014. – Vol. 33, No. 3. – P. 231–234. – DOI: 10.5566/ias.1155.	#pinned
defauw-2018-retinal-oct.md	De Fauw J. Clinically applicable deep learning for diagnosis and referral in retinal disease / J. De Fauw, J. R. Ledsam, B. Romera-Paredes [et al.] // Nature Medicine. – 2018. – Vol. 24, No. 9. – P. 1342–1350. – DOI: 10.1038/S41591-018-0107-6.	#pinned
dosovitskiy-2021-vision-transformer.md	Dosovitskiy A. An image is worth 16×16 words: transformers for image recognition at scale / A. Dosovitskiy, L. Beyer, A. Kolesnikov [et al.] // 9th International Conference on Learning Representations (ICLR 2021) : conference track proceedings. – 2021. – arXiv:2010.11929.	#pinned
esteva-2017-skin-cancer.md	Esteva A. Dermatologist-level classification of skin cancer with deep neural networks / A. Esteva, B. Kuprel, R. A. Novoa [et al.] // Nature. – 2017. – Vol. 542, No. 7639. – P. 115–118. – DOI: 10.1038/nature21056.	#pinned
everingham-2010-pascal-voc.md	Everingham M. The PASCAL Visual Object Classes (VOC) Challenge / M. Everingham, L. Van Gool, C. K. I. Williams [et al.] // International Journal of Computer Vision. – 2010. – Vol. 88, No. 2. – P. 303–338. – DOI: 10.1007/s11263-009-0275-4.	
fu-2020-eyeq-riqa.md	Fu H. Evaluation of retinal image quality assessment networks in different color-spaces / H. Fu, B. Wang, J. Shen [et al.] // Medical Image Computing and Computer Assisted Intervention – MICCAI 2019. – Cham : Springer, 2019. – (Lecture Notes in Computer Science ; Vol. 11764). – P. 48–56. – DOI: 10.1007/978-3-030-32239-7_6.	#pinned
ganin-2016-dann.md	Ganin Y. Domain-adversarial training of neural networks / Y. Ganin, E. Ustinova, H. Ajakan [et al.] // Journal of Machine Learning Research. – 2016. – Vol. 17, No. 59. – P. 1–35.	no-doi
gargeya-2017-automated-dr.md	Gargeya R. Automated Identification of Diabetic Retinopathy Using Deep Learning / R. Gargeya, T. Leng // Ophthalmology. – 2017. – Vol. 124, No. 7. – P. 962–969. – DOI: 10.1016/j.ophtha.2017.02.008.	#pinned
geetha-hema-2026.md	Geetha T. Deep learning-based joint analysis of diabetic retinopathy and glaucoma in retinal fundus images / T. Geetha, C. Hema // Scientific Reports. – 2026. – Vol. 16. – Art. No. 3133. – DOI: 10.1038/s41598-025-32991-y.	
gettinger-2025.md	Gettinger K. Diabetic retinopathy, a comprehensive overview on pathophysiology and relevant experimental models / K. Gettinger, D. Lee, Y. Tomita [et al.] // International Journal of Molecular Sciences. – 2025. – Vol. 26. – Art. No. 9882. – DOI: 10.3390/ijms26209882.	
goh-2024-vit-vs-cnn.md	Goh J. H. L. Comparative analysis of vision transformers and conventional convolutional neural networks in detecting referable diabetic retinopathy / J. H. L. Goh, E. Ang, S. Srinivasan [et al.] // Ophthalmology Science. – 2024. – Vol. 4, No. 6. – Art. No. 100552. – DOI: 10.1016/j.xops.2024.100552.	#pinned
gonzalez-diaz-2024.md	González-Díaz J. E. Use of Vision Transformers in Ophthalmology for Early Detection of Age-Related Macular Degeneration (AMD): A Comparative Analysis / J. E. González-Díaz, A. J. Reyes-Delgado, J. L. Sánchez-Cervantes [et al.] // Preprints.org. – 2024. – Art. No. 20241101740. – DOI: 10.20944/preprints202411.1740.v1.	#pinned
grill-2020-byol.md	Grill J.-B. Bootstrap Your Own Latent: A New Approach to Self-Supervised Learning / J.-B. Grill, F. Strub, F. Altché [et al.] // Advances in Neural Information Processing Systems (NeurIPS). – 2020. – Vol. 33. – P. 21271–21284. – arXiv:2006.07733.	
gulshan-2016-supplementary-validation.md	Gulshan V. Development and validation of a deep learning algorithm for detection of diabetic retinopathy in retinal fundus photographs / V. Gulshan, L. Peng, M. Coram [et al.] // JAMA. – 2016. – DOI: 10.1001/jama.2016.17216.	no-pages
gulshan-2016.md	Gulshan V. Development and validation of a deep learning algorithm for detection of diabetic retinopathy in retinal fundus photographs / V. Gulshan, L. Peng, M. Coram [et al.] // JAMA. – 2016. – Vol. 316, No. 22. – P. 2402–2410. – DOI: 10.1001/jama.2016.17216.	#pinned
guo-2017-calibration.md	Guo C. On Calibration of Modern Neural Networks / C. Guo, G. Pleiss, Y. Sun [et al.] // Proceedings of the 34th International Conference on Machine Learning (ICML), PMLR 70. – 2017. – P. 1321–1330. – arXiv:1706.04599.	
hayati-2023.md	Hayati M. Impact of CLAHE-based image enhancement for diabetic retinopathy classification through deep learning / M. Hayati, K. Muchtar, Roslidar [et al.] // Procedia Computer Science. – 2023. – Vol. 216. – P. 57–66. – DOI: 10.1016/j.procs.2022.12.111.	#pinned
he-2016-deep-residual-learning.md	He K. Deep residual learning for image recognition / K. He, X. Zhang, S. Ren [et al.] // 2016 IEEE Conference on Computer Vision and Pattern Recognition (CVPR), Las Vegas, NV, USA. – IEEE, 2016. – P. 770–778. – DOI: 10.1109/CVPR.2016.90.	#pinned
he-2020-moco.md	He K. Momentum contrast for unsupervised visual representation learning / K. He, H. Fan, Y. Wu [et al.] // 2020 IEEE/CVF Conference on Computer Vision and Pattern Recognition (CVPR), Seattle, WA, USA. – IEEE, 2020. – P. 9726–9735. – DOI: 10.1109/CVPR42600.2020.00975.	#pinned
he-2022-mae.md	He K. Masked Autoencoders Are Scalable Vision Learners / K. He, X. Chen, S. Xie [et al.] // Proceedings of the IEEE/CVF Conference on Computer Vision and Pattern Recognition (CVPR). – 2022. – P. 16000–16009. – arXiv:2111.06377.	
huang-2017-densenet.md	Huang G. Densely connected convolutional networks / G. Huang, Z. Liu, L. van der Maaten [et al.] // 2017 IEEE Conference on Computer Vision and Pattern Recognition (CVPR), Honolulu, HI, USA. – IEEE, 2017. – P. 2261–2269. – DOI: 10.1109/CVPR.2017.243.	#pinned
hungerford-1999-muon-capture-proton-emission.md	Hungerford E. V. Comments on Proton Emission after Muon Capture (Technical Report MECO-34) / E. V. Hungerford // Department of Physics, University of Houston. – 1999.	no-pages,no-doi
ioffe-2015-batch-normalization.md	Ioffe S. Batch Normalization: Accelerating Deep Network Training by Reducing Internal Covariate Shift / S. Ioffe, C. Szegedy // Proceedings of the 32nd International Conference on Machine Learning (ICML). – 2015. – P. 448–456. – arXiv:1502.03167.	
kesharwani-2021.md	Kesharwani D. A review of diabetic retinopathy–Pathophysiology, clinical presentation, and management / D. Kesharwani, S. Parashar, J. Varghese [et al.] // Journal of Pharmaceutical Research International. – 2021. – Vol. 33, No. 60B. – P. 698–704. – DOI: 10.9734/JPRI/2021/v33i60B34668.	
khosravi-2025.md	Khosravi P. External validation of deep learning models for classifying etiology of retinal hemorrhage using diverse fundus photography datasets / P. Khosravi, N. A. Huck, K. Shahraki [et al.] // Bioengineering. – 2025. – Vol. 12, No. 1. – Art. No. 20. – DOI: 10.3390/bioengineering12010020.	
kingma-2015-adam.md	Kingma D. P. Adam: a method for stochastic optimization / D. P. Kingma, J. Ba // 3rd International Conference on Learning Representations (ICLR 2015), San Diego, CA, USA, 7–9 May 2015 : conference track proceedings. – 2015. – arXiv:1412.6980.	#pinned
koch-2019-hermite-ratios.md	Koch T. Universal bounds and monotonicity properties of ratios of Hermite and parabolic cylinder functions / T. Koch // arXiv preprint. – 2019. – arXiv:1905.10274.	no-pages
kornblith-2019-transferability.md	Kornblith S. Do better ImageNet models transfer better? / S. Kornblith, J. Shlens, Q. V. Le // 2019 IEEE/CVF Conference on Computer Vision and Pattern Recognition (CVPR), Long Beach, CA, USA. – IEEE, 2019. – P. 2656–2666. – DOI: 10.1109/CVPR.2019.00277.	#pinned
krause-2018-grader-variability.md	Krause J. Grader Variability and the Importance of Reference Standards for Evaluating Machine Learning Models for Diabetic Retinopathy / J. Krause, V. Gulshan, E. Rahimy [et al.] // Ophthalmology. – 2018. – Vol. 125, No. 8. – P. 1264–1272. – arXiv:1710.01711. – DOI: 10.1016/j.ophtha.2018.01.034.	#pinned
krizhevsky-2012-alexnet.md	Krizhevsky A. ImageNet classification with deep convolutional neural networks / A. Krizhevsky, I. Sutskever, G. E. Hinton // Advances in Neural Information Processing Systems 25 (NIPS 2012). – Red Hook : Curran Associates, 2012. – Vol. 25.	#pinned
kusuhara-2018.md	Kusuhara S. Pathophysiology of diabetic retinopathy: The old and the new / S. Kusuhara, Y. Fukushima, S. Ogura [et al.] // Diabetes & Metabolism Journal. – 2018. – Vol. 42, No. 5. – P. 364–376. – DOI: 10.4093/dmj.2018.0182.	
li-2019-ddr.md	Li T. Diagnostic assessment of deep learning algorithms for diabetic retinopathy screening / T. Li, Y. Gao, K. Wang [et al.] // Information Sciences. – 2019. – Vol. 501. – P. 511–522. – DOI: 10.1016/j.ins.2019.06.011.	
lin-2017-focal-loss.md	Lin T.-Y. Focal loss for dense object detection / T.-Y. Lin, P. Goyal, R. Girshick [et al.] // 2017 IEEE International Conference on Computer Vision (ICCV), Venice, Italy. – IEEE, 2017. – P. 2999–3007. – DOI: 10.1109/ICCV.2017.324.	#pinned
litjens-2017-medical-dl-survey.md	Litjens G. A survey on deep learning in medical image analysis / G. Litjens, T. Kooi, B. E. Bejnordi [et al.] // Medical Image Analysis. – 2017. – Vol. 42. – P. 60–88. – DOI: 10.1016/j.media.2017.07.005.	#pinned
liu-2021-swin-transformer.md	Liu Z. Swin Transformer: hierarchical vision transformer using shifted windows / Z. Liu, Y. Lin, Y. Cao [et al.] // 2021 IEEE/CVF International Conference on Computer Vision (ICCV), Montreal, QC, Canada. – IEEE, 2021. – P. 9992–10002. – DOI: 10.1109/ICCV48922.2021.00986.	#pinned
liu-2022.md	Liu R. DeepDRiD: Diabetic Retinopathy–Grading and Image Quality Estimation Challenge / R. Liu, X. Wang, Q. Wu [et al.] // Patterns. – 2022. – Vol. 3, No. 6. – Art. No. 100512. – DOI: 10.1016/j.patter.2022.100512.	
lundberg-2017-shap.md	Lundberg S. M. A unified approach to interpreting model predictions / S. M. Lundberg, S.-I. Lee // Advances in Neural Information Processing Systems 30 (NIPS 2017), Long Beach, CA, USA. – Red Hook : Curran Associates, 2017. – Vol. 30.	#pinned
morya-2024.md	Morya A. K. Diabetic retinopathy: A review on its pathophysiology and novel treatment modalities / A. K. Morya, P. V. Ramesh, P. Nishant [et al.] // World Journal of Methodology. – 2024. – Vol. 14, No. 4. – Art. No. 95881. – DOI: 10.5662/wjm.v14.i4.95881.	
nandal-2024.md	Nandal A. Optimizing interoperability in healthcare: AI-driven HL7 and FHIR implementations for seamless data exchange / A. Nandal // Journal of International Crisis and Risk Communication Research. – 2024. – Vol. 7, No. S1. – P. 70–76. – DOI: 10.63278/jicrcr.vi.3169.	#pinned
odir-2019-dataset.md	Peking University International Competition on Ocular Disease Intelligent Recognition (ODIR-2019) [Electronic resource]. – Grand Challenge, 2019. – URL: https://odir2019.grand-challenge.org/ (date of access: 16.06.2026).	unparsed
ostahie-2015-shortcut-edge-states.md	Ostahie B. Electrical manipulation of the edge states in graphene and the effect on the quantum Hall transport / B. Ostahie, M. Niță, A. Aldea // arXiv preprint. – 2015. – arXiv:1411.7808v2.	no-pages
pachade-2021-rfmid.md	Pachade S. Retinal Fundus Multi-Disease Image Dataset (RFMiD): A dataset for multi-disease detection research / S. Pachade, P. Porwal, D. Thulkar [et al.] // Data. – 2021. – Vol. 6, No. 2. – Art. No. 14. – DOI: 10.3390/data6020014.	
pan-2010-transfer-learning-survey.md	Pan S. J. A Survey on Transfer Learning / S. J. Pan, Q. Yang // IEEE Transactions on Knowledge and Data Engineering. – 2010. – Vol. 22, No. 10. – P. 1345–1359. – DOI: 10.1109/TKDE.2009.191.	#pinned
pizer-1987-adaptive-histogram-equalization.md	Pizer S. M. Adaptive histogram equalization and its variations / S. M. Pizer, E. P. Amburn, J. D. Austin [et al.] // Computer Vision, Graphics, and Image Processing. – Academic Press, 1987. – Vol. 39, No. 3. – P. 355–368. – DOI: 10.1016/S0734-189X(87)80186-X.	#pinned
porwal-2018-idrid-challenge.md	Porwal P. Indian Diabetic Retinopathy Image Dataset (IDRiD): A database for diabetic retinopathy screening research / P. Porwal, S. Pachade, R. Kamble [et al.] // Data. – 2018. – Vol. 3, No. 3. – Art. No. 25. – DOI: 10.3390/data3030025.	
porwal-2018-idrid-dataset.md	Porwal P. Indian Diabetic Retinopathy Image Dataset (IDRiD): A database for diabetic retinopathy screening research / P. Porwal, S. Pachade, R. Kamble [et al.] // Data. – 2018. – Vol. 3, No. 3. – Art. No. 25. – DOI: 10.3390/data3030025.	
pratt-2016.md	Pratt H. Convolutional neural networks for diabetic retinopathy / H. Pratt, F. Coenen, D. M. Broadbent [et al.] // Procedia Computer Science. – 2016. – Vol. 90. – P. 200–205. – DOI: 10.1016/j.procs.2016.07.014.	#pinned
quellec-2017-deep-image-mining.md	Quellec G. Deep image mining for diabetic retinopathy screening / G. Quellec, K. Charrière, Y. Boudi [et al.] // Medical Image Analysis. – 2017. – Vol. 39. – P. 178–193. – arXiv:1610.07086. – DOI: 10.1016/j.media.2017.04.012.	#pinned
rakhlin-2017.md	Rakhlin A. Diabetic retinopathy detection through integration of deep learning classification framework / A. Rakhlin // bioRxiv preprint. – 2017. – DOI: 10.1101/225508.	#pinned
rezatofighi-2019-giou.md	Rezatofighi H. Generalized intersection over union: a metric and a loss for bounding box regression / H. Rezatofighi, N. Tsoi, J. Gwak [et al.] // 2019 IEEE/CVF Conference on Computer Vision and Pattern Recognition (CVPR), Long Beach, CA, USA. – IEEE, 2019. – P. 658–666. – DOI: 10.1109/CVPR.2019.00075.	#pinned
ribeiro-2016-lime.md	Ribeiro M. T. “Why should I trust you?”: explaining the predictions of any classifier / M. T. Ribeiro, S. Singh, C. Guestrin // Proceedings of the 22nd ACM SIGKDD International Conference on Knowledge Discovery and Data Mining (KDD 2016), San Francisco, CA, USA. – New York : ACM, 2016. – P. 1135–1144. – DOI: 10.1145/2939672.2939778.	#pinned
ruamviboonsuk-2022.md	Ruamviboonsuk P. Real-time diabetic retinopathy screening by deep learning in a multisite national screening programme: A prospective interventional cohort study / P. Ruamviboonsuk, R. Tiwari, R. Sayres [et al.] // The Lancet Digital Health. – 2022. – Vol. 4, No. 4. – P. e235–e244. – DOI: 10.1016/S2589-7500(22)00017-6.	#pinned
ryu-2021-octa.md	Ryu G. A deep learning model for identifying diabetic retinopathy using optical coherence tomography angiography / G. Ryu, K. Lee, D. Park [et al.] // Scientific Reports. – 2021. – Vol. 11. – Art. No. 23024. – DOI: 10.1038/s41598-021-02479-6.	
samek-2017-explainable-ai.md	Samek W. Explainable artificial intelligence: Understanding, visualizing and interpreting deep learning models / W. Samek, T. Wiegand, K.-R. Müller // arXiv preprint. – 2017. – arXiv:1708.08296.	no-pages
sanchez-gutierrez-2022.md	Sánchez-Gutiérrez V. Performance of a deep learning system for detection of referable diabetic retinopathy in real clinical settings / V. Sánchez-Gutiérrez, P. Hernández-Martínez, F. J. Muñoz-Negrete [et al.] // arXiv preprint. – 2022. – arXiv:2205.05554v1.	#pinned-external
saxena-2020.md	Saxena G. Improved and robust deep learning agent for preliminary detection of diabetic retinopathy using public datasets / G. Saxena, D. K. Verma, A. Paraye [et al.] // Intelligence-Based Medicine. – 2020. – Vol. 3–4. – Art. No. 100022. – DOI: 10.1016/j.ibmed.2020.100022.	#pinned
selvaraju-2017-grad-cam.md	Selvaraju R. R. Grad-CAM: visual explanations from deep networks via gradient-based localization / R. R. Selvaraju, M. Cogswell, A. Das [et al.] // 2017 IEEE International Conference on Computer Vision (ICCV), Venice, Italy. – IEEE, 2017. – P. 618–626. – DOI: 10.1109/ICCV.2017.74.	#pinned
senapati-2024.md	Senapati A. Artificial intelligence for diabetic retinopathy detection: A systematic review / A. Senapati, H. K. Tripathy, V. Sharma [et al.] // Informatics in Medicine Unlocked. – 2024. – Vol. 45. – Art. No. 101445. – DOI: 10.1016/j.imu.2024.101445.	
shaout-han-2025.md	Shaout A. A novel retinal image contrast enhancement – fuzzy-based method / A. Shaout, J. Han // 2023 24th International Arab Conference on Information Technology (ACIT), Ajman, United Arab Emirates. – IEEE, 2023. – P. 1–6. – DOI: 10.1109/ACIT58888.2023.10453851.	#pinned
sharma-2025-vit-capsule.md	Sharma V. Transforming retinal diagnostics: Advanced detection of diabetic retinopathy using vision transformers and capsule networks / V. Sharma, Rishu, V. Kukreja [et al.] // Journal of Computer Science. – 2025. – Vol. 21, No. 2. – P. 304–321. – DOI: 10.3844/jcssp.2025.304.321.	
shen-2020-cofe-net.md	Shen Z. Modeling and enhancing low-quality retinal fundus images / Z. Shen, H. Fu, J. Shen [et al.] // IEEE Transactions on Medical Imaging. – 2021. – Vol. 40, No. 3. – P. 996–1006. – DOI: 10.1109/TMI.2020.3043495.	#pinned
shorten-2019-augmentation-survey.md	Shorten C. A survey on Image Data Augmentation for Deep Learning / C. Shorten, T. M. Khoshgoftaar // Journal of Big Data. – 2019. – Vol. 6, No. 1. – Art. No. 60. – DOI: 10.1186/S40537-019-0197-0.	#pinned
shurrab-2022-ssl-medical-survey.md	Shurrab S. Self-supervised learning methods and applications in medical imaging analysis: a survey / S. Shurrab, R. Duwairi // PeerJ Computer Science. – 2022. – Vol. 8. – Art. No. e1045. – DOI: 10.7717/peerj-cs.1045.	#pinned
simonyan-2015-vgg.md	Simonyan K. Very deep convolutional networks for large-scale image recognition / K. Simonyan, A. Zisserman // 3rd International Conference on Learning Representations (ICLR 2015), San Diego, CA, USA, 7–9 May 2015 : conference track proceedings. – 2015. – arXiv:1409.1556.	#pinned
son-2020-multiple-findings.md	Son J. Development and Validation of Deep Learning Models for Screening Multiple Abnormal Findings in Retinal Fundus Images / J. Son, J. Y. Shin, H. D. Kim [et al.] // Ophthalmology. – 2020. – Vol. 127, No. 1. – P. 85–94.	no-doi
srivastava-2014-dropout.md	Srivastava N. Dropout: A Simple Way to Prevent Neural Networks from Overfitting / N. Srivastava, G. Hinton, A. Krizhevsky [et al.] // Journal of Machine Learning Research. – 2014. – Vol. 15, No. 56. – P. 1929–1958.	no-doi
szegedy-2015-googlenet.md	Szegedy C. Going deeper with convolutions / C. Szegedy, W. Liu, Y. Jia [et al.] // 2015 IEEE Conference on Computer Vision and Pattern Recognition (CVPR), Boston, MA, USA. – IEEE, 2015. – P. 1–9. – DOI: 10.1109/CVPR.2015.7298594.	#pinned
szegedy-2016-inception-v3.md	Szegedy C. Rethinking the Inception architecture for computer vision / C. Szegedy, V. Vanhoucke, S. Ioffe [et al.] // 2016 IEEE Conference on Computer Vision and Pattern Recognition (CVPR), Las Vegas, NV, USA. – IEEE, 2016. – P. 2818–2826. – DOI: 10.1109/CVPR.2016.308.	#pinned
tabari-2024.md	Tabari P. Best practices for implementation and development of data models and structures based on FHIR: A systematic scoping review / P. Tabari, G. Costagliola, M. De Rosa [et al.] // JMIR Preprints. – 2024. – DOI: 10.2196/preprints.58445.	no-pages
tan-2019-efficientnet.md	Tan M. EfficientNet: rethinking model scaling for convolutional neural networks / M. Tan, Q. V. Le // Proceedings of the 36th International Conference on Machine Learning (ICML 2019). – PMLR, 2019. – Vol. 97. – P. 6105–6114.	#pinned
tan-2021-efficientnetv2.md	Tan M. EfficientNetV2: Smaller Models and Faster Training / M. Tan, Q. V. Le // Proceedings of the 38th International Conference on Machine Learning (ICML 2021), PMLR 139. – 2021. – P. 10096–10106.	no-doi
ting-2017.md	Ting D. S. W. Development and validation of a deep learning system for diabetic retinopathy and related eye diseases using retinal images from multiethnic populations with diabetes / D. S. W. Ting, C. Y.-L. Cheung, G. Lim [et al.] // JAMA. – 2017. – Vol. 318, No. 22. – P. 2211–2223. – DOI: 10.1001/jama.2017.18152.	#pinned
ting-2019-dl-ophthalmology-review.md	Ting D. S. W. Deep learning in ophthalmology: The technical and clinical considerations / D. S. W. Ting, L. Peng, A. V. Varadarajan [et al.] // Progress in Retinal and Eye Research. – 2019. – Vol. 72. – Art. No. 100759. – DOI: 10.1016/j.preteyeres.2019.04.003.	#pinned
tjoa-2020-xai-survey.md	Tjoa E. A survey on explainable artificial intelligence (XAI): toward medical XAI / E. Tjoa, C. Guan // IEEE Transactions on Neural Networks and Learning Systems. – 2021. – Vol. 32, No. 11. – P. 4793–4813. – DOI: 10.1109/TNNLS.2020.3027314.	#pinned
tomasi-1998-bilateral-filtering.md	Tomasi C. Bilateral filtering for gray and color images / C. Tomasi, R. Manduchi // Sixth International Conference on Computer Vision (ICCV 1998), Bombay, India. – New Delhi : Narosa Publishing House, 1998. – P. 839–846. – DOI: 10.1109/ICCV.1998.710815.	#pinned
voets-2019-reproduction-study.md	Voets M. Reproduction study using public data of: Development and validation of a deep learning algorithm for detection of diabetic retinopathy in retinal fundus photographs / M. Voets, K. Møllersen, L. A. Bongo // PLOS ONE. – 2019. – Vol. 14, No. 6. – Art. No. e0217541. – DOI: 10.1371/journal.pone.0217541.	
voets-2019.md	Voets M. Reproduction study using public data of: Development and validation of a deep learning algorithm for detection of diabetic retinopathy in retinal fundus photographs / M. Voets, K. Møllersen, L. A. Bongo // PLoS ONE. – 2019. – Vol. 14, No. 6. – Art. No. e0217541. – DOI: 10.1371/journal.pone.0217541.	#pinned
wan-2021-ead-net.md	Wan C. EAD-Net: A novel lesion segmentation method in diabetic retinopathy using neural networks / C. Wan, Y. Chen, H. Li [et al.] // Disease Markers. – 2021. – Vol. 2021. – Art. No. 6482665. – DOI: 10.1155/2021/6482665.	
wang-2004-ssim.md	Wang Z. Image Quality Assessment: From Error Visibility to Structural Similarity / Z. Wang, A. C. Bovik, H. R. Sheikh [et al.] // IEEE Transactions on Image Processing. – 2004. – Vol. 13, No. 4. – P. 600–612. – DOI: 10.1109/TIP.2003.819861.	#pinned
wang-2018-deep-visual-domain-adaptation-survey.md	Wang M. Deep visual domain adaptation: A survey / M. Wang, W. Deng // Neurocomputing. – 2018. – Vol. 312. – P. 135–153. – DOI: 10.1016/j.neucom.2018.05.083.	#pinned
wang-lo-2018.md	Wang W. Diabetic retinopathy: Pathophysiology and treatments / W. Wang, A. C. Y. Lo // International Journal of Molecular Sciences. – 2018. – Vol. 19, No. 6. – Art. No. 1816. – DOI: 10.3390/ijms19061816.	
wewetzer-2021.md	Wewetzer L. Diagnostic performance of deep-learning-based screening methods for diabetic retinopathy in primary care–A meta-analysis / L. Wewetzer, L. A. Held, J. Steinhäuser // PLoS ONE. – 2021. – Vol. 16, No. 8. – Art. No. e0255034. – DOI: 10.1371/journal.pone.0255034.	
xu-2024-hybrid.md	Xu H. A hybrid neural network approach for classifying diabetic retinopathy subtypes / H. Xu, X. Shao, D. Fang [et al.] // Frontiers in Medicine. – 2024. – Vol. 10. – Art. No. 1293019. – DOI: 10.3389/fmed.2023.1293019.	
yosinski-2014-transferability-features.md	Yosinski J. How transferable are features in deep neural networks? / J. Yosinski, J. Clune, Y. Bengio [et al.] // Advances in Neural Information Processing Systems 27 (NIPS 2014), Montreal, Canada. – Red Hook : Curran Associates, 2014. – Vol. 27.	#pinned
zago-2018-riqa.md	Zago G. T. Retinal image quality assessment using deep learning / G. T. Zago, R. V. Andreão, B. Dorizzi [et al.] // Computers in Biology and Medicine. – 2018. – Vol. 103. – P. 64–70. – DOI: 10.1016/j.compbiomed.2018.10.004.	#pinned
zhang-2018-mixup.md	Zhang H. mixup: Beyond Empirical Risk Minimization / H. Zhang, M. Cisse, Y. N. Dauphin [et al.] // Proceedings of the 6th International Conference on Learning Representations (ICLR). – 2018. – arXiv:1710.09412.	no-pages
zhang-2022-multicentre.md	Zhang G. Automated multidimensional deep learning platform for referable diabetic retinopathy detection: A multicentre, retrospective study / G. Zhang, J.-W. Lin, J. Wang [et al.] // BMJ Open. – 2022. – Vol. 12. – Art. No. e060155. – DOI: 10.1136/bmjopen-2021-060155.	
zhou-2016-cam.md	Zhou B. Learning deep features for discriminative localization / B. Zhou, A. Khosla, A. Lapedriza [et al.] // 2016 IEEE Conference on Computer Vision and Pattern Recognition (CVPR), Las Vegas, NV, USA. – IEEE, 2016. – P. 2921–2929. – DOI: 10.1109/CVPR.2016.319.	#pinned
zhou-2020-fgadr-benchmark.md	Zhou Y. A Benchmark for Studying Diabetic Retinopathy: Segmentation, Grading, and Transferability / Y. Zhou, B. Wang, L. Huang [et al.] // IEEE Transactions on Medical Imaging, 818–828. (Preprint:). – 2020. – Vol. 40, No. 3. – arXiv:2008.09772v3.	no-pages
zhou-2022-domain-generalization-survey.md	Zhou K. Domain Generalization: A Survey / K. Zhou, Z. Liu, Y. Qiao [et al.] // IEEE Transactions on Pattern Analysis and Machine Intelligence. – 2023. – Vol. 45, No. 4. – P. 4396–4415. – DOI: 10.1109/TPAMI.2022.3195549.	#pinned-external
zhou-2023-retfound.md	Zhou Y. A foundation model for generalizable disease detection from retinal images / Y. Zhou, M. A. Chia, S. K. Wagner [et al.] // Nature. – 2023. – Vol. 622, No. 7981. – P. 156–163. – DOI: 10.1038/s41586-023-06555-x.	#pinned
zuiderveld-1994-clahe.md	Zuiderveld K. Contrast Limited Adaptive Histogram Equalization / K. Zuiderveld // Graphics Gems IV / ed. by P. S. Heckbert. – Academic Press, 1994. – P. 474–485. – DOI: 10.1016/b978-0-12-336156-1.50061-6.	#pinned
yesmukhamedov-conf.md	Sapakova S. Methods for pre-processing and analysis of fund images for detection of diabetic retinopathy / S. Sapakova, N. Yesmukhamedov, A. Sapakov [et al.] // Procedia Computer Science. – 2025. – Vol. 272. – P. 496–501. – DOI: 10.1016/j.procs.2025.10.237.	
yesmukhamedov-kazutb.md	Sapakova S. Z. Mathematical modeling of laser exposure on fundus tissues in the treatment of diabetic retinopathy / S. Z. Sapakova, D. R. Daniyarova, N. S. Yesmukhamedov [et al.] // Herald of KazUTB. – 2025. – Vol. 2, No. 27-740. – P. 20–30. – DOI: 10.58805/kazutb.v.2.27-740.	#pinned
yesmukhamedov-kbtu.md	Yesmukhamedov N. S. Methods for preprocessing and analysis of fundus images for diabetic retinopathy detection / N. S. Yesmukhamedov, S. Z. Sapakova, Zh. Zh. Kozhamkulova [et al.] // Herald of the Kazakh-British Technical University. – 2025. – Vol. 22, No. 4 (75). – P. 119–130. – DOI: 10.55452/1998-6688-2025-22-4-119-130.	#pinned
yesmukhamedov-nan-rk.md	Yesmukhamedov N. S. Development of an information system architecture for healthcare institutions using artificial intelligence / N. S. Yesmukhamedov, S. Sapakova, S. A. R. Al-Haddad [et al.] // News of the National Academy of Sciences of the Republic of Kazakhstan. Physico-Mathematical Series. – 2025. – No. 2 (354). – P. 74–91. – DOI: 10.32014/2025.2518-1726.345.	#pinned
yesmukhamedov-scopus-q2.md	Sapakova S. Development of an image quality enhancement approach for diabetic retinopathy diagnosis / S. Sapakova, N. Yesmukhamedov, A. Sapakov // Eastern-European Journal of Enterprise Technologies. – 2025. – Vol. 4, No. 9 (136). – P. 79–88. – DOI: 10.15587/1729-4061.2025.335570.	#pinned
yesmukhamedov-scopus-q3.md	Sapakova S. Development of an image quality enhancement approach for diabetic retinopathy diagnosis / S. Sapakova, N. Yesmukhamedov, A. Sapakov // Eastern-European Journal of Enterprise Technologies, 4(9(136)). – 2025. – P. 79–88. – DOI: 10.15587/1729-4061.2025.335570.	
wikipedia-clahe.md	[NO APA LINE]	unparsed
