id;author;slug;year;lang;slide;rubric;quote;source
title_doctoral;Алпар С.Д.;alpar;2023;ru;1;title_doctoral;Докторант Алпар С.Д.;council\temp\A01_Алпар_С.Д/Презентация/00_Слайды_по_порядку.txt:23
title_consultant;Алпар С.Д.;alpar;2023;ru;1;title_consultant;Научный консультант д.ф.-м.н., профессор Рысбайулы b. Juzbaye Sek;council\temp\A01_Алпар_С.Д/Презентация/00_Слайды_по_порядку.txt:21
title_doctoral;Алпар С.Д.;alpar;2023;ru;2;title_doctoral;Докторант Алпар С.Д.;council\temp\A01_Алпар_С.Д/Презентация/00_Слайды_по_порядку.txt:43
title_consultant;Алпар С.Д.;alpar;2023;ru;2;title_consultant;Научный консультант д.ф.-м.н., профессор Рысбайулы b. мазо МТУ ет Ви;council\temp\A01_Алпар_С.Д/Презентация/00_Слайды_по_порядку.txt:41
relevance;Алпар С.Д.;alpar;2023;ru;6;relevance;Актуальность помо 0;council\temp\A01_Алпар_С.Д/Презентация/00_Слайды_по_порядку.txt:140
objectives;Алпар С.Д.;alpar;2023;ru;7;objectives;Задачи;council\temp\A01_Алпар_С.Д/Презентация/00_Слайды_по_порядку.txt:170
novelty;Алпар С.Д.;alpar;2023;ru;8;novelty;Научная новизна;council\temp\A01_Алпар_С.Д/Презентация/00_Слайды_по_порядку.txt:199
provisions;Алпар С.Д.;alpar;2023;ru;9;provisions;Положения выносимые на защиту;council\temp\A01_Алпар_С.Д/Презентация/00_Слайды_по_порядку.txt:227
approbation;Алпар С.Д.;alpar;2023;ru;31;approbation;Апробация результатов;council\temp\A01_Алпар_С.Д/Презентация/00_Слайды_по_порядку.txt:699
approbation;Алпар С.Д.;alpar;2023;ru;32;approbation;Апробация результатов;council\temp\A01_Алпар_С.Д/Презентация/00_Слайды_по_порядку.txt:766
approbation;Алпар С.Д.;alpar;2023;ru;33;approbation;Апробация результатов;council\temp\A01_Алпар_С.Д/Презентация/00_Слайды_по_порядку.txt:801
title_degree;Базарбеков И.М.;bazarbekov;2026;ru;1;title_degree;Диссертация на соискание степени PhD;council\temp\A02_Базарбекова_И._М/Презентация/00_Слайды_по_порядку.txt:19
title_consultant;Базарбеков И.М.;bazarbekov;2026;ru;1;title_consultant;Научный консультант K.T.H., ассоциированный профессор Ипалакова Мадина Тулегеновна;council\temp\A02_Базарбекова_И._М/Презентация/00_Слайды_по_порядку.txt:21
relevance;Базарбеков И.М.;bazarbekov;2026;ru;2;relevance;Актуальность исследования;council\temp\A02_Базарбекова_И._М/Презентация/00_Слайды_по_порядку.txt:35
aim_objectives;Базарбеков И.М.;bazarbekov;2026;ru;3;aim;Цель и задачи исследования;council\temp\A02_Базарбекова_И._М/Презентация/00_Слайды_по_порядку.txt:67
provisions;Базарбеков И.М.;bazarbekov;2026;ru;4;provisions;Положения, выносимые HA защиту;council\temp\A02_Базарбекова_И._М/Презентация/00_Слайды_по_порядку.txt:91
novelty;Базарбеков И.М.;bazarbekov;2026;ru;4;novelty;Научная новизна Предложена гибридная архитектура нейронной сети CNN-BILSTM;council\temp\A02_Базарбекова_И._М/Презентация/00_Слайды_по_порядку.txt:92
conclusion;Базарбеков И.М.;bazarbekov;2026;ru;16;conclusion;Заключение;council\temp\A02_Базарбекова_И._М/Презентация/00_Слайды_по_порядку.txt:409
publications;Базарбеков И.М.;bazarbekov;2026;ru;17;publications;Публикации по теме диссертации;council\temp\A02_Базарбекова_И._М/Презентация/00_Слайды_по_порядку.txt:433
title_degree;Бакирова Г.С.;bakirova;2026;ru;2;title_degree;Диссертация на соискание степени доктора философии PhD;council\temp\A03_Бакировой_Г.С/Презентация/00_Слайды_по_порядку.txt:49
title_doctoral;Бакирова Г.С.;bakirova;2026;ru;2;title_doctoral;Докторант Бакирова Гульназ Сайлауовна;council\temp\A03_Бакировой_Г.С/Презентация/00_Слайды_по_порядку.txt:50
title_consultant;Бакирова Г.С.;bakirova;2026;ru;2;title_consultant;Научный консультант Кандидат технических наук, профессор, МУИТ, Бектемысова Гульнара Умиткуловна;council\temp\A03_Бакировой_Г.С/Презентация/00_Слайды_по_порядку.txt:51
relevance;Бакирова Г.С.;bakirova;2026;ru;3;relevance;Актуальность темы исследования;council\temp\A03_Бакировой_Г.С/Презентация/00_Слайды_по_порядку.txt:64
aim;Бакирова Г.С.;bakirova;2026;ru;4;aim;Цель исследования;council\temp\A03_Бакировой_Г.С/Презентация/00_Слайды_по_порядку.txt:84
objectives;Бакирова Г.С.;bakirova;2026;ru;4;objectives;Цели и задачи исследовательской работы;council\temp\A03_Бакировой_Г.С/Презентация/00_Слайды_по_порядку.txt:83
object_subject;Бакирова Г.С.;bakirova;2026;ru;5;object;Объект, предмет и методы исследования;council\temp\A03_Бакировой_Г.С/Презентация/00_Слайды_по_порядку.txt:107
methods;Бакирова Г.С.;bakirova;2026;ru;5;methods;Объект, предмет и методы исследования;council\temp\A03_Бакировой_Г.С/Презентация/00_Слайды_по_порядку.txt:107
novelty;Бакирова Г.С.;bakirova;2026;ru;6;novelty;Научная новизна исследовательской работы;council\temp\A03_Бакировой_Г.С/Презентация/00_Слайды_по_порядку.txt:134
practical;Бакирова Г.С.;bakirova;2026;ru;7;practical;Практическая значимость исследования;council\temp\A03_Бакировой_Г.С/Презентация/00_Слайды_по_порядку.txt:157
conclusion;Бакирова Г.С.;bakirova;2026;ru;29;conclusion;Заключение;council\temp\A03_Бакировой_Г.С/Презентация/00_Слайды_по_порядку.txt:783
title_degree;Дауренбаева Н.А.;daurenbayeva;2025;en;3;title_degree;Thesis for the degree of Doctor of Philosophy PhD;council\temp\A04_Дауренбаевой_Н.А/Презентация/00_Слайды_по_порядку.txt:113
title_program;Дауренбаева Н.А.;daurenbayeva;2025;en;3;title_program;8D06102 - Computer and Software engineering;council\temp\A04_Дауренбаевой_Н.А/Презентация/00_Слайды_по_порядку.txt:111
title_doctoral;Дауренбаева Н.А.;daurenbayeva;2025;en;3;title_doctoral;Doctoral student Daurenbayeva Nurkamilya Aldangarovna;council\temp\A04_Дауренбаевой_Н.А/Презентация/00_Слайды_по_порядку.txt:116
title_consultant;Дауренбаева Н.А.;daurenbayeva;2025;en;3;title_consultant;Scientific consultant Doctor of Physico-mathematical Sciences, Associate Professor, SDU A;council\temp\A04_Дауренбаевой_Н.А/Презентация/00_Слайды_по_порядку.txt:115
relevance;Дауренбаева Н.А.;daurenbayeva;2025;en;4;relevance;Relevance of the research topic;council\temp\A04_Дауренбаевой_Н.А/Презентация/00_Слайды_по_порядку.txt:130
aim;Дауренбаева Н.А.;daurenbayeva;2025;en;5;aim;The main goal;council\temp\A04_Дауренбаевой_Н.А/Презентация/00_Слайды_по_порядку.txt:161
objectives;Дауренбаева Н.А.;daurenbayeva;2025;en;6;objectives;Research objectives;council\temp\A04_Дауренбаевой_Н.А/Презентация/00_Слайды_по_порядку.txt:177
provisions;Дауренбаева Н.А.;daurenbayeva;2025;en;7;provisions;Provisions to be defended;council\temp\A04_Дауренбаевой_Н.А/Презентация/00_Слайды_по_порядку.txt:194
novelty;Дауренбаева Н.А.;daurenbayeva;2025;en;9;novelty;Scientific Novelty;council\temp\A04_Дауренбаевой_Н.А/Презентация/00_Слайды_по_порядку.txt:257
methods;Дауренбаева Н.А.;daurenbayeva;2025;en;16;methods;Methods Used in the Research;council\temp\A04_Дауренбаевой_Н.А/Презентация/00_Слайды_по_порядку.txt:486
practical;Дауренбаева Н.А.;daurenbayeva;2025;en;22;practical;Practical Significance;council\temp\A04_Дауренбаевой_Н.А/Презентация/00_Слайды_по_порядку.txt:712
conclusion;Дауренбаева Н.А.;daurenbayeva;2025;en;24;conclusion;Conclusion;council\temp\A04_Дауренбаевой_Н.А/Презентация/00_Слайды_по_порядку.txt:760
publications;Дауренбаева Н.А.;daurenbayeva;2025;en;25;publications;Publications of the main results;council\temp\A04_Дауренбаевой_Н.А/Презентация/00_Слайды_по_порядку.txt:781
certificate;Дауренбаева Н.А.;daurenbayeva;2025;en;26;certificate;Copyright Certificate;council\temp\A04_Дауренбаевой_Н.А/Презентация/00_Слайды_по_порядку.txt:816
title_degree;Әйтім Ә.Қ.;aitim;2025;en;1;title_degree;doctor of philosophy PhD;council\temp\A05_Әйтім_Ә.Қ/Презентация/00_Слайды_по_порядку.txt:19
title_program;Әйтім Ә.Қ.;aitim;2025;en;1;title_program;8D06101 - Clever Systems;council\temp\A05_Әйтім_Ә.Қ/Презентация/00_Слайды_по_порядку.txt:17
title_consultant;Әйтім Ә.Қ.;aitim;2025;en;1;title_consultant;Scientific consultant  m;council\temp\A05_Әйтім_Ә.Қ/Презентация/00_Слайды_по_порядку.txt:21
title_degree;Әйтім Ә.Қ.;aitim;2025;en;2;title_degree;doctor of philosophy PhD;council\temp\A05_Әйтім_Ә.Қ/Презентация/00_Слайды_по_порядку.txt:40
title_program;Әйтім Ә.Қ.;aitim;2025;en;2;title_program;8D06101 - Clever Systems;council\temp\A05_Әйтім_Ә.Қ/Презентация/00_Слайды_по_порядку.txt:38
title_consultant;Әйтім Ә.Қ.;aitim;2025;en;2;title_consultant;Scientific consultant;council\temp\A05_Әйтім_Ә.Қ/Презентация/00_Слайды_по_порядку.txt:42
relevance;Әйтім Ә.Қ.;aitim;2025;en;4;relevance;Relevance of the Research bridging the NLP gap for K;council\temp\A05_Әйтім_Ә.Қ/Презентация/00_Слайды_по_порядку.txt:98
aim;Әйтім Ә.Қ.;aitim;2025;en;5;aim;Purpose of the Research;council\temp\A05_Әйтім_Ә.Қ/Презентация/00_Слайды_по_порядку.txt:126
objectives;Әйтім Ә.Қ.;aitim;2025;en;6;objectives;Objectives of the research laying the foundation for Q7g;council\temp\A05_Әйтім_Ә.Қ/Презентация/00_Слайды_по_порядку.txt:147
object_subject;Әйтім Ә.Қ.;aitim;2025;en;7;object;Object and Subject of the Research defining the scope;council\temp\A05_Әйтім_Ә.Қ/Презентация/00_Слайды_по_порядку.txt:168
methods;Әйтім Ә.Қ.;aitim;2025;en;7;methods;unstructured textual information in the Kazakh methods, and algorithms for automatic;council\temp\A05_Әйтім_Ә.Қ/Презентация/00_Слайды_по_порядку.txt:171
novelty;Әйтім Ә.Қ.;aitim;2025;en;9;novelty;Scientific novelty key contributions of the;council\temp\A05_Әйтім_Ә.Қ/Презентация/00_Слайды_по_порядку.txt:206
provisions;Әйтім Ә.Қ.;aitim;2025;en;10;provisions;Scientific provisions submitted for defense;council\temp\A05_Әйтім_Ә.Қ/Презентация/00_Слайды_по_порядку.txt:232
conclusion;Әйтім Ә.Қ.;aitim;2025;en;45;conclusion;Conclusion;council\temp\A05_Әйтім_Ә.Қ/Презентация/00_Слайды_по_порядку.txt:1055
publications;Әйтім Ә.Қ.;aitim;2025;en;46;publications;the following publications 1;council\temp\A05_Әйтім_Ә.Қ/Презентация/00_Слайды_по_порядку.txt:1080
publications;Әйтім Ә.Қ.;aitim;2025;en;47;publications;the following publications 2;council\temp\A05_Әйтім_Ә.Қ/Презентация/00_Слайды_по_порядку.txt:1102
publications;Әйтім Ә.Қ.;aitim;2025;en;48;publications;the following publications 3;council\temp\A05_Әйтім_Ә.Қ/Презентация/00_Слайды_по_порядку.txt:1126
thanks;Әйтім Ә.Қ.;aitim;2025;en;51;thanks;Thank you for the attention;council\temp\A05_Әйтім_Ә.Қ/Презентация/00_Слайды_по_порядку.txt:1248
title_doctoral;Ибраева Ж.Б.;ibrayeva;2023;kk;2;title_doctoral;Докторант Ж.Б. Ибраева;council\temp\A06_Ибраевой_Ж.Б/Презентация/00_Слайды_по_порядку.txt:57
aim;Ибраева Ж.Б.;ibrayeva;2023;kk;3;aim;ДИССЕРТАЦИЯЛЫҚ ЖҰМЫСТЫҢ МАҚСАТЫ;council\temp\A06_Ибраевой_Ж.Б/Презентация/00_Слайды_по_порядку.txt:74
relevance;Ибраева Ж.Б.;ibrayeva;2023;kk;4;relevance;ТАҚЫРЫПТЫҢ ӨЗЕКТІЛІГІ total traffic volume.;council\temp\A06_Ибраевой_Ж.Б/Презентация/00_Слайды_по_порядку.txt:90
objectives;Ибраева Ж.Б.;ibrayeva;2023;kk;5;objectives;ДИССЕРТАЦИЯЛЫҚ ЖҰМЫСТЫҢ МІНДЕТТЕ, 5;council\temp\A06_Ибраевой_Ж.Б/Презентация/00_Слайды_по_порядку.txt:115
provisions;Ибраева Ж.Б.;ibrayeva;2023;kk;6;provisions;НЕГІЗГІ ҒЫЛЫМИ ҚАҒИДАЛАР;council\temp\A06_Ибраевой_Ж.Б/Презентация/00_Слайды_по_порядку.txt:130
conclusion;Ибраева Ж.Б.;ibrayeva;2023;kk;30;conclusion;ҚОРЫТЫНДЫ;council\temp\A06_Ибраевой_Ж.Б/Презентация/00_Слайды_по_порядку.txt:666
publications;Ибраева Ж.Б.;ibrayeva;2023;kk;31;publications;Диссертация тақырыбы бойынша жарияланымдар;council\temp\A06_Ибраевой_Ж.Б/Презентация/00_Слайды_по_порядку.txt:683
practical;Ибраева Ж.Б.;ibrayeva;2023;kk;33;practical;тациялық жұмыстың тәжірибелік маңы здылыгы АО vie;council\temp\A06_Ибраевой_Ж.Б/Презентация/00_Слайды_по_порядку.txt:734
title_doctoral;Мерембаев Т.Ж.;merembayev;2022;ru;1;title_doctoral;Докторант Мерембаев Тимур;council\temp\A07_Мерембаева_Т.Ж/Презентация/00_Слайды_по_порядку.txt:21
aim;Мерембаев Т.Ж.;merembayev;2022;ru;5;aim;ЦЕЛЬ Разработка интеллектуальной;council\temp\A07_Мерембаева_Т.Ж/Презентация/00_Слайды_по_порядку.txt:112
novelty;Мерембаев Т.Ж.;merembayev;2022;ru;6;novelty;Научная новизна;council\temp\A07_Мерембаева_Т.Ж/Презентация/00_Слайды_по_порядку.txt:131
provisions;Мерембаев Т.Ж.;merembayev;2022;ru;6;provisions;Положения, выносимые на защиту;council\temp\A07_Мерембаева_Т.Ж/Презентация/00_Слайды_по_порядку.txt:138
title_degree;Момынқулов З.З.;momynkulov;2026;ru;2;title_degree;На соискание степени доктора философских наук PhD;council\temp\A08_Момынқулова_З.З/Презентация/00_Слайды_по_порядку.txt:54
title_doctoral;Момынқулов З.З.;momynkulov;2026;ru;2;title_doctoral;PhD докторант;council\temp\A08_Момынқулова_З.З/Презентация/00_Слайды_по_порядку.txt:55
title_consultant;Момынқулов З.З.;momynkulov;2026;ru;2;title_consultant;Научный консультант;council\temp\A08_Момынқулова_З.З/Презентация/00_Слайды_по_порядку.txt:57
relevance;Момынқулов З.З.;momynkulov;2026;ru;3;relevance;Актуальность;council\temp\A08_Момынқулова_З.З/Презентация/00_Слайды_по_порядку.txt:71
relevance;Момынқулов З.З.;momynkulov;2026;ru;4;relevance;Актуальность;council\temp\A08_Момынқулова_З.З/Презентация/00_Слайды_по_порядку.txt:104
aim_objectives;Момынқулов З.З.;momynkulov;2026;ru;6;aim;Цель и задачи;council\temp\A08_Момынқулова_З.З/Презентация/00_Слайды_по_порядку.txt:158
object_subject;Момынқулов З.З.;momynkulov;2026;ru;7;object;Объект и предмет исследования;council\temp\A08_Момынқулова_З.З/Презентация/00_Слайды_по_порядку.txt:185
novelty;Момынқулов З.З.;momynkulov;2026;ru;8;novelty;Новизна;council\temp\A08_Момынқулова_З.З/Презентация/00_Слайды_по_порядку.txt:205
provisions;Момынқулов З.З.;momynkulov;2026;ru;9;provisions;Научные положения, выносимые на защиту;council\temp\A08_Момынқулова_З.З/Презентация/00_Слайды_по_порядку.txt:226
methods;Момынқулов З.З.;momynkulov;2026;ru;12;methods;Методология;council\temp\A08_Момынқулова_З.З/Презентация/00_Слайды_по_порядку.txt:273
conclusion;Момынқулов З.З.;momynkulov;2026;ru;44;conclusion;Заключение;council\temp\A08_Момынқулова_З.З/Презентация/00_Слайды_по_порядку.txt:938
certificate;Момынқулов З.З.;momynkulov;2026;ru;45;certificate;Патент на полезную модель Способ визуального слежения и предотвращения столкновений wal;council\temp\A08_Момынқулова_З.З/Презентация/00_Слайды_по_порядку.txt:965
publications;Момынқулов З.З.;momynkulov;2026;ru;46;publications;Публикации;council\temp\A08_Момынқулова_З.З/Презентация/00_Слайды_по_порядку.txt:996
relevance;Муханов С.Б.;mukhanov;2024;ru;4;relevance;Актуальность темы и основная идея;council\temp\A09_Муханова_С.Б/Презентация/00_Слайды_по_порядку.txt:84
relevance;Муханов С.Б.;mukhanov;2024;ru;5;relevance;Актуальность темы и основная идея;council\temp\A09_Муханова_С.Б/Презентация/00_Слайды_по_порядку.txt:118
relevance;Муханов С.Б.;mukhanov;2024;ru;6;relevance;Актуальность темы и основная идея rank ot al;council\temp\A09_Муханова_С.Б/Презентация/00_Слайды_по_порядку.txt:131
aim_objectives;Муханов С.Б.;mukhanov;2024;ru;7;aim;Цель и Задачи  РО зв.;council\temp\A09_Муханова_С.Б/Презентация/00_Слайды_по_порядку.txt:156
aim_objectives;Муханов С.Б.;mukhanov;2024;ru;8;aim;Цель и Задачи;council\temp\A09_Муханова_С.Б/Презентация/00_Слайды_по_порядку.txt:185
provisions;Муханов С.Б.;mukhanov;2024;ru;9;provisions;Положение, выносимые на защиту;council\temp\A09_Муханова_С.Б/Презентация/00_Слайды_по_порядку.txt:207
title_degree;Мырзакерімова А.Б.;myrzakerimova;2024;en;3;title_degree;Dissertation for the degree of Doctor of Philosophy PhD;council\temp\A10_Мырзакерімовой_А.Б/Презентация/00_Слайды_по_порядку.txt:72
relevance;Мырзакерімова А.Б.;myrzakerimova;2024;en;4;relevance;THE RELEVANCE OF THE RESEARCH;council\temp\A10_Мырзакерімовой_А.Б/Презентация/00_Слайды_по_порядку.txt:86
object;Мырзакерімова А.Б.;myrzakerimova;2024;en;7;object;The object of the study 1s ап automated system for diagnosing;council\temp\A10_Мырзакерімовой_А.Б/Презентация/00_Слайды_по_порядку.txt:151
methods;Мырзакерімова А.Б.;myrzakerimova;2024;en;7;methods;RESEARCH METHODS   ы;council\temp\A10_Мырзакерімовой_А.Б/Презентация/00_Слайды_по_порядку.txt:149
novelty;Мырзакерімова А.Б.;myrzakerimova;2024;en;8;novelty;SCIENTIFIC NOVELTY Т.;council\temp\A10_Мырзакерімовой_А.Б/Презентация/00_Слайды_по_порядку.txt:168
significance;Мырзакерімова А.Б.;myrzakerimova;2024;en;9;theoretical;THEORETICAL AND PRACTICAL SIGNIFICANCE  A;council\temp\A10_Мырзакерімовой_А.Б/Презентация/00_Слайды_по_порядку.txt:191
publications;Мырзакерімова А.Б.;myrzakerimova;2024;en;23;publications;PUBLICATIONS;council\temp\A10_Мырзакерімовой_А.Б/Презентация/00_Слайды_по_порядку.txt:562
conclusion;Мырзакерімова А.Б.;myrzakerimova;2024;en;24;conclusion;CONCLUSION  J;council\temp\A10_Мырзакерімовой_А.Б/Презентация/00_Слайды_по_порядку.txt:585
title_degree;Науменко В.В.;naumenko;2024;ru;2;title_degree;Диссертация на соискание степени доктора философии PhD;council\temp\A11_Науменко_В.В/Презентация/00_Слайды_по_порядку.txt:74
relevance;Науменко В.В.;naumenko;2024;ru;3;relevance;Актуальность исследования заключается в  необходимо р ь;council\temp\A11_Науменко_В.В/Презентация/00_Слайды_по_порядку.txt:88
object;Науменко В.В.;naumenko;2024;ru;5;object;Объект исследования;council\temp\A11_Науменко_В.В/Презентация/00_Слайды_по_порядку.txt:146
provisions;Науменко В.В.;naumenko;2024;ru;8;provisions;Основные положения, выносимые на защиту;council\temp\A11_Науменко_В.В/Презентация/00_Слайды_по_порядку.txt:230
provision_n;Науменко В.В.;naumenko;2024;ru;9;provisions;Положение  1;council\temp\A11_Науменко_В.В/Презентация/00_Слайды_по_порядку.txt:255
provisions;Науменко В.В.;naumenko;2024;ru;10;provisions;Обоснование положения Nel;council\temp\A11_Науменко_В.В/Презентация/00_Слайды_по_порядку.txt:268
provision_n;Науменко В.В.;naumenko;2024;ru;11;provisions;Обоснование положения 1;council\temp\A11_Науменко_В.В/Презентация/00_Слайды_по_порядку.txt:297
provision_n;Науменко В.В.;naumenko;2024;ru;12;provisions;Положение  2;council\temp\A11_Науменко_В.В/Презентация/00_Слайды_по_порядку.txt:329
provision_n;Науменко В.В.;naumenko;2024;ru;13;provisions;Обоснование положения 2;council\temp\A11_Науменко_В.В/Презентация/00_Слайды_по_порядку.txt:341
provision_n;Науменко В.В.;naumenko;2024;ru;14;provisions;Обоснование положения 2;council\temp\A11_Науменко_В.В/Презентация/00_Слайды_по_порядку.txt:364
provision_n;Науменко В.В.;naumenko;2024;ru;15;provisions;Обоснование положения 2 Ш a у;council\temp\A11_Науменко_В.В/Презентация/00_Слайды_по_порядку.txt:390
provision_n;Науменко В.В.;naumenko;2024;ru;16;provisions;Обоснование положения 2;council\temp\A11_Науменко_В.В/Презентация/00_Слайды_по_порядку.txt:403
provision_n;Науменко В.В.;naumenko;2024;ru;17;provisions;Обоснование положения 2;council\temp\A11_Науменко_В.В/Презентация/00_Слайды_по_порядку.txt:423
provision_n;Науменко В.В.;naumenko;2024;ru;18;provisions;Обоснование положения 2;council\temp\A11_Науменко_В.В/Презентация/00_Слайды_по_порядку.txt:448
provision_n;Науменко В.В.;naumenko;2024;ru;19;provisions;Положение  3;council\temp\A11_Науменко_В.В/Презентация/00_Слайды_по_порядку.txt:467
provision_n;Науменко В.В.;naumenko;2024;ru;20;provisions;Обоснование положения 3;council\temp\A11_Науменко_В.В/Презентация/00_Слайды_по_порядку.txt:482
provision_n;Науменко В.В.;naumenko;2024;ru;21;provisions;Обоснование положения 3;council\temp\A11_Науменко_В.В/Презентация/00_Слайды_по_порядку.txt:505
provision_n;Науменко В.В.;naumenko;2024;ru;22;provisions;Обоснование положения 3;council\temp\A11_Науменко_В.В/Презентация/00_Слайды_по_порядку.txt:541
provision_n;Науменко В.В.;naumenko;2024;ru;23;provisions;Обоснование положения 5 Ва,;council\temp\A11_Науменко_В.В/Презентация/00_Слайды_по_порядку.txt:573
provision_n;Науменко В.В.;naumenko;2024;ru;24;provisions;Обоснование положения 3;council\temp\A11_Науменко_В.В/Презентация/00_Слайды_по_порядку.txt:592
provision_n;Науменко В.В.;naumenko;2024;ru;25;provisions;Положение  4;council\temp\A11_Науменко_В.В/Презентация/00_Слайды_по_порядку.txt:619
provisions;Науменко В.В.;naumenko;2024;ru;26;provisions;Обоснование положения Ned;council\temp\A11_Науменко_В.В/Презентация/00_Слайды_по_порядку.txt:635
provision_n;Науменко В.В.;naumenko;2024;ru;27;provisions;Обоснование положения 4;council\temp\A11_Науменко_В.В/Презентация/00_Слайды_по_порядку.txt:651
provision_n;Науменко В.В.;naumenko;2024;ru;28;provisions;Обоснование положения 4;council\temp\A11_Науменко_В.В/Презентация/00_Слайды_по_порядку.txt:699
provision_n;Науменко В.В.;naumenko;2024;ru;29;provisions;Обоснование положения 4 Я  ФР;council\temp\A11_Науменко_В.В/Презентация/00_Слайды_по_порядку.txt:723
provisions;Науменко В.В.;naumenko;2024;ru;30;provisions;Обоснование положения Ned кит ВЧ;council\temp\A11_Науменко_В.В/Презентация/00_Слайды_по_порядку.txt:736
provision_n;Науменко В.В.;naumenko;2024;ru;31;provisions;Обоснование положения 4;council\temp\A11_Науменко_В.В/Презентация/00_Слайды_по_порядку.txt:750
provisions;Науменко В.В.;naumenko;2024;ru;32;provisions;Обоснование положения Ned;council\temp\A11_Науменко_В.В/Презентация/00_Слайды_по_порядку.txt:768
provision_n;Науменко В.В.;naumenko;2024;ru;33;provisions;Обоснование положения 4;council\temp\A11_Науменко_В.В/Презентация/00_Слайды_по_порядку.txt:781
provision_n;Науменко В.В.;naumenko;2024;ru;34;provisions;Обоснование положения 4  i;council\temp\A11_Науменко_В.В/Презентация/00_Слайды_по_порядку.txt:804
conclusion;Науменко В.В.;naumenko;2024;ru;35;conclusion;Заключение;council\temp\A11_Науменко_В.В/Презентация/00_Слайды_по_порядку.txt:829
approbation;Науменко В.В.;naumenko;2024;ru;36;approbation;Публикации и апробация работы;council\temp\A11_Науменко_В.В/Презентация/00_Слайды_по_порядку.txt:863
publications;Науменко В.В.;naumenko;2024;ru;37;publications;Публикации;council\temp\A11_Науменко_В.В/Презентация/00_Слайды_по_порядку.txt:885
publications;Науменко В.В.;naumenko;2024;ru;38;publications;Публикации;council\temp\A11_Науменко_В.В/Презентация/00_Слайды_по_порядку.txt:922
publications;Науменко В.В.;naumenko;2024;ru;39;publications;Публикации;council\temp\A11_Науменко_В.В/Презентация/00_Слайды_по_порядку.txt:957
title_degree;Олжаев О.М.;olzhayev;2026;ru;1;title_degree;На соискание степени доктора философских наук PhD;council\temp\A13_Олжаева_О.М/Презентация/00_Слайды_по_порядку.txt:19
title_consultant;Олжаев О.М.;olzhayev;2026;ru;1;title_consultant;Научный консультант;council\temp\A13_Олжаева_О.М/Презентация/00_Слайды_по_порядку.txt:20
relevance;Олжаев О.М.;olzhayev;2026;ru;4;relevance;Актуальность;council\temp\A13_Олжаева_О.М/Презентация/00_Слайды_по_порядку.txt:139
aim_objectives;Олжаев О.М.;olzhayev;2026;ru;5;aim;Цель и Задачи;council\temp\A13_Олжаева_О.М/Презентация/00_Слайды_по_порядку.txt:162
object;Олжаев О.М.;olzhayev;2026;ru;6;object;Объект и Методы исследования;council\temp\A13_Олжаева_О.М/Презентация/00_Слайды_по_порядку.txt:188
methods;Олжаев О.М.;olzhayev;2026;ru;6;methods;Объект и Методы исследования;council\temp\A13_Олжаева_О.М/Презентация/00_Слайды_по_порядку.txt:188
novelty;Олжаев О.М.;olzhayev;2026;ru;7;novelty;Научная Новизна;council\temp\A13_Олжаева_О.М/Презентация/00_Слайды_по_порядку.txt:205
provisions;Олжаев О.М.;olzhayev;2026;ru;8;provisions;Положения Выносимые На Защиту;council\temp\A13_Олжаева_О.М/Презентация/00_Слайды_по_порядку.txt:221
practical;Олжаев О.М.;olzhayev;2026;ru;9;practical;Практическая значимость;council\temp\A13_Олжаева_О.М/Презентация/00_Слайды_по_порядку.txt:242
conclusion;Олжаев О.М.;olzhayev;2026;ru;33;conclusion;Заключение;council\temp\A13_Олжаева_О.М/Презентация/00_Слайды_по_порядку.txt:880
publications;Олжаев О.М.;olzhayev;2026;ru;34;publications;Публикации;council\temp\A13_Олжаева_О.М/Презентация/00_Слайды_по_порядку.txt:901
certificate;Олжаев О.М.;olzhayev;2026;ru;35;certificate;свидетельство;council\temp\A13_Олжаева_О.М/Презентация/00_Слайды_по_порядку.txt:929
title_doctoral;Тоқтарова А.Б.;toktarova;2025;kk;1;title_doctoral;Докторант Тоқтарова Айгерім Бастарбекқызы;council\temp\A14_Тоқтаровой_А.Б/Презентация/00_Слайды_по_порядку.txt:30
title_doctoral;Тоқтарова А.Б.;toktarova;2025;kk;2;title_doctoral;Докторант Тоқтарова Айгерім Бастарбекқызы;council\temp\A14_Тоқтаровой_А.Б/Презентация/00_Слайды_по_порядку.txt:50
aim;Тоқтарова А.Б.;toktarova;2025;kk;3;aim;Зерттеу жұмысының мақсаты мен мінд;council\temp\A14_Тоқтаровой_А.Б/Презентация/00_Слайды_по_порядку.txt:63
objectives;Тоқтарова А.Б.;toktarova;2025;kk;3;objectives;Ғылыми зерттеу жұмысының міндеттері;council\temp\A14_Тоқтаровой_А.Б/Презентация/00_Слайды_по_порядку.txt:67
relevance;Тоқтарова А.Б.;toktarova;2025;kk;4;relevance;Зерттеудің өзектілігі;council\temp\A14_Тоқтаровой_А.Б/Презентация/00_Слайды_по_порядку.txt:85
object;Тоқтарова А.Б.;toktarova;2025;kk;5;object;Зерттеу нысаны тексттік ақпарат;council\temp\A14_Тоқтаровой_А.Б/Презентация/00_Слайды_по_порядку.txt:120
subject;Тоқтарова А.Б.;toktarova;2025;kk;5;subject;Зерттеу пәні;council\temp\A14_Тоқтаровой_А.Б/Презентация/00_Слайды_по_порядку.txt:121
methods;Тоқтарова А.Б.;toktarova;2025;kk;5;methods;Зерттеу әдістері;council\temp\A14_Тоқтаровой_А.Б/Презентация/00_Слайды_по_порядку.txt:124
novelty;Тоқтарова А.Б.;toktarova;2025;kk;6;novelty;Зерттеу жұмысының ғылыми жаңалығы;council\temp\A14_Тоқтаровой_А.Б/Презентация/00_Слайды_по_порядку.txt:138
publications;Тоқтарова А.Б.;toktarova;2025;kk;22;publications;Ғылыми зерттеу бойынша жарияланымда;council\temp\A14_Тоқтаровой_А.Б/Презентация/00_Слайды_по_порядку.txt:476
publications;Тоқтарова А.Б.;toktarova;2025;kk;23;publications;Ғылыми зерттеу бойынша жарияланымда;council\temp\A14_Тоқтаровой_А.Б/Презентация/00_Слайды_по_порядку.txt:509
thanks;Тоқтарова А.Б.;toktarova;2025;kk;25;thanks;Назарларыңызға рахмет;council\temp\A14_Тоқтаровой_А.Б/Презентация/00_Слайды_по_порядку.txt:568
title_degree;Тохтахунов И.Т.;tokhtakhunov;2026;en;3;title_degree;Thesis for the degree of Doctor of Philosophy PhD;council\temp\A15_Тохтахунова_И.Т/Презентация/00_Слайды_по_порядку.txt:68
title_program;Тохтахунов И.Т.;tokhtakhunov;2026;en;3;title_program;8D06105 - Data Science;council\temp\A15_Тохтахунова_И.Т/Презентация/00_Слайды_по_порядку.txt:67
title_doctoral;Тохтахунов И.Т.;tokhtakhunov;2026;en;3;title_doctoral;Doctoral student Imurat Tokhtakhunov;council\temp\A15_Тохтахунова_И.Т/Презентация/00_Слайды_по_порядку.txt:69
title_consultant;Тохтахунов И.Т.;tokhtakhunov;2026;en;3;title_consultant;Scientific consultant Marat Nurtas, PhD in Mathematical Computer Modeling, Associate Professor, ITU;council\temp\A15_Тохтахунова_И.Т/Презентация/00_Слайды_по_порядку.txt:70
relevance;Тохтахунов И.Т.;tokhtakhunov;2026;en;4;relevance;Relevance of the research topic;council\temp\A15_Тохтахунова_И.Т/Презентация/00_Слайды_по_порядку.txt:81
aim;Тохтахунов И.Т.;tokhtakhunov;2026;en;6;aim;Research goal and obj ectives;council\temp\A15_Тохтахунова_И.Т/Презентация/00_Слайды_по_порядку.txt:154
object_subject;Тохтахунов И.Т.;tokhtakhunov;2026;en;7;object;Research Object and Subject;council\temp\A15_Тохтахунова_И.Т/Презентация/00_Слайды_по_порядку.txt:177
methods;Тохтахунов И.Т.;tokhtakhunov;2026;en;8;methods;Dimensionality reduction methods PCA linear baseline, t-SNE nonlin;council\temp\A15_Тохтахунова_И.Т/Презентация/00_Слайды_по_порядку.txt:194
practical;Тохтахунов И.Т.;tokhtakhunov;2026;en;9;practical;Research Significance;council\temp\A15_Тохтахунова_И.Т/Презентация/00_Слайды_по_порядку.txt:214
novelty;Тохтахунов И.Т.;tokhtakhunov;2026;en;10;novelty;Scientific Novelty;council\temp\A15_Тохтахунова_И.Т/Презентация/00_Слайды_по_порядку.txt:237
provisions;Тохтахунов И.Т.;tokhtakhunov;2026;en;13;provisions;Provisions to be Defended;council\temp\A15_Тохтахунова_И.Т/Презентация/00_Слайды_по_порядку.txt:308
objectives;Тохтахунов И.Т.;tokhtakhunov;2026;en;14;objectives;Published in Tokhtakhunov ef al. The Efficacy of Autoencoders in the Utilization of Tabular Data for Classification Tasks. Procedia CS, 2024. Scopus O;council\temp\A15_Тохтахунова_И.Т/Презентация/00_Слайды_по_порядку.txt:337
objective_n;Тохтахунов И.Т.;tokhtakhunov;2026;en;15;objectives;Objective 1. Analysis of data representa;council\temp\A15_Тохтахунова_И.Т/Презентация/00_Слайды_по_порядку.txt:346
objective_n;Тохтахунов И.Т.;tokhtakhunov;2026;en;16;objectives;Objective 1. Analysis of data representat;council\temp\A15_Тохтахунова_И.Т/Презентация/00_Слайды_по_порядку.txt:363
objective_n;Тохтахунов И.Т.;tokhtakhunov;2026;en;17;objectives;Objective 2. Deep learning model for non-l;council\temp\A15_Тохтахунова_И.Т/Презентация/00_Слайды_по_порядку.txt:388
objective_n;Тохтахунов И.Т.;tokhtakhunov;2026;en;18;objectives;Objective 2. Convergence;council\temp\A15_Тохтахунова_И.Т/Презентация/00_Слайды_по_порядку.txt:440
objective_n;Тохтахунов И.Т.;tokhtakhunov;2026;en;19;objectives;Objective 2. Mathematical Model  Stacked Aut;council\temp\A15_Тохтахунова_И.Т/Презентация/00_Слайды_по_порядку.txt:472
objective_n;Тохтахунов И.Т.;tokhtakhunov;2026;en;20;objectives;Objective 2. Novel Theoretical ContributiZ;council\temp\A15_Тохтахунова_И.Т/Презентация/00_Слайды_по_порядку.txt:495
objective_n;Тохтахунов И.Т.;tokhtakhunov;2026;en;21;objectives;Objective 2. Deep learning model for non-l;council\temp\A15_Тохтахунова_И.Т/Презентация/00_Слайды_по_порядку.txt:518
objective_n;Тохтахунов И.Т.;tokhtakhunov;2026;en;22;objectives;Objective 2. Deep learning model for non-l;council\temp\A15_Тохтахунова_И.Т/Презентация/00_Слайды_по_порядку.txt:538
objective_n;Тохтахунов И.Т.;tokhtakhunov;2026;en;23;objectives;Objective 2. Deep learning model for non-l;council\temp\A15_Тохтахунова_И.Т/Презентация/00_Слайды_по_порядку.txt:558
objective_n;Тохтахунов И.Т.;tokhtakhunov;2026;en;24;objectives;Objective 2. Deep learning model for non-h;council\temp\A15_Тохтахунова_И.Т/Презентация/00_Слайды_по_порядку.txt:578
objective_n;Тохтахунов И.Т.;tokhtakhunov;2026;en;25;objectives;Objective 2. Deep learning model for non-l;council\temp\A15_Тохтахунова_И.Т/Презентация/00_Слайды_по_порядку.txt:593
objective_n;Тохтахунов И.Т.;tokhtakhunov;2026;en;26;objectives;Objective 3. Unified multi-domain behavioral representat;council\temp\A15_Тохтахунова_И.Т/Презентация/00_Слайды_по_порядку.txt:608
objective_n;Тохтахунов И.Т.;tokhtakhunov;2026;en;27;objectives;Objective 3, Unified multi-domain behavioral representati;council\temp\A15_Тохтахунова_И.Т/Презентация/00_Слайды_по_порядку.txt:631
objective_n;Тохтахунов И.Т.;tokhtakhunov;2026;en;28;objectives;Objective 3. Unified multi-domain behavioral representat;council\temp\A15_Тохтахунова_И.Т/Презентация/00_Слайды_по_порядку.txt:644
objective_n;Тохтахунов И.Т.;tokhtakhunov;2026;en;29;objectives;Objective 3. Multi-Entity Embedding Str;council\temp\A15_Тохтахунова_И.Т/Презентация/00_Слайды_по_порядку.txt:666
objective_n;Тохтахунов И.Т.;tokhtakhunov;2026;en;30;objectives;Objective 3. Computational Acceler;council\temp\A15_Тохтахунова_И.Т/Презентация/00_Слайды_по_порядку.txt:687
objective_n;Тохтахунов И.Т.;tokhtakhunov;2026;en;31;objectives;Objective 3. Learned similarity mechanis;council\temp\A15_Тохтахунова_И.Т/Презентация/00_Слайды_по_порядку.txt:723
objective_n;Тохтахунов И.Т.;tokhtakhunov;2026;en;32;objectives;Objective 3. Learned similarity mechanis;council\temp\A15_Тохтахунова_И.Т/Презентация/00_Слайды_по_порядку.txt:743
objective_n;Тохтахунов И.Т.;tokhtakhunov;2026;en;36;objectives;Objective 4. Scalable production system and cross;council\temp\A15_Тохтахунова_И.Т/Презентация/00_Слайды_по_порядку.txt:829
conclusion;Тохтахунов И.Т.;tokhtakhunov;2026;en;37;conclusion;Conclusion;council\temp\A15_Тохтахунова_И.Т/Презентация/00_Слайды_по_порядку.txt:854
implementation;Тохтахунов И.Т.;tokhtakhunov;2026;en;40;implementation;Implementation certificate;council\temp\A15_Тохтахунова_И.Т/Презентация/00_Слайды_по_порядку.txt:916
objectives;Чинибаев Е.Г.;chinibayev;2023;en;3;objectives;B Research objectives;council\temp\A16_Чинибаева_Е.Г/Презентация/00_Слайды_по_порядку.txt:58
objectives;Чинибаев Е.Г.;chinibayev;2023;en;4;objectives;H Research objectives;council\temp\A16_Чинибаева_Е.Г/Презентация/00_Слайды_по_порядку.txt:93
objectives;Чинибаев Е.Г.;chinibayev;2023;en;5;objectives;Research objectives J OF incr;council\temp\A16_Чинибаева_Е.Г/Презентация/00_Слайды_по_порядку.txt:124
object;Чинибаев Е.Г.;chinibayev;2023;en;7;object;The object of the study 1s an information system;council\temp\A16_Чинибаева_Е.Г/Презентация/00_Слайды_по_порядку.txt:165
subject;Чинибаев Е.Г.;chinibayev;2023;en;7;subject;The subject of the research 1s computer;council\temp\A16_Чинибаева_Е.Г/Презентация/00_Слайды_по_порядку.txt:168
objectives;Чинибаев Е.Г.;chinibayev;2023;en;8;objectives;Research objectives Ener;council\temp\A16_Чинибаева_Е.Г/Презентация/00_Слайды_по_порядку.txt:182
objectives;Чинибаев Е.Г.;chinibayev;2023;en;9;objectives;Research objectives;council\temp\A16_Чинибаева_Е.Г/Презентация/00_Слайды_по_порядку.txt:201
novelty;Чинибаев Е.Г.;chinibayev;2023;en;10;novelty;Scientific novelty;council\temp\A16_Чинибаева_Е.Г/Презентация/00_Слайды_по_порядку.txt:220
novelty;Чинибаев Е.Г.;chinibayev;2023;en;11;novelty;Scientific novelty 46 wr;council\temp\A16_Чинибаева_Е.Г/Презентация/00_Слайды_по_порядку.txt:241
provisions;Чинибаев Е.Г.;chinibayev;2023;en;12;provisions;Defense provisions. o,;council\temp\A16_Чинибаева_Е.Г/Презентация/00_Слайды_по_порядку.txt:263
relevance;Қуанышбай Д.Н.;quanyshbay;2021;en;16;relevance;The relevance of research;council\temp\P_quanyshbay/Презентация/00_Слайды_по_порядку.txt:549
relevance;Қуанышбай Д.Н.;quanyshbay;2021;en;17;relevance;The relevance of research -;council\temp\P_quanyshbay/Презентация/00_Слайды_по_порядку.txt:566
objectives;Қуанышбай Д.Н.;quanyshbay;2021;en;19;objectives;A1ms and tasks of research;council\temp\P_quanyshbay/Презентация/00_Слайды_по_порядку.txt:607
conclusion;Қуанышбай Д.Н.;quanyshbay;2021;en;34;conclusion;Conclusion;council\temp\P_quanyshbay/Презентация/00_Слайды_по_порядку.txt:950
publications;Қуанышбай Д.Н.;quanyshbay;2021;en;35;publications;Publications;council\temp\P_quanyshbay/Презентация/00_Слайды_по_порядку.txt:968
relevance;Чинибаев Е.Г.;chinibayev;2023;kk;аннотация;аннотация;Зерттеу тақырыбының өзектілігі.;chinibayev/abstract_kz.txt:12
aim;Чинибаев Е.Г.;chinibayev;2023;kk;аннотация;аннотация;Диссертациялық жұмыстың мақсаты – пайдаланушының;chinibayev/abstract_kz.txt:48
methods;Чинибаев Е.Г.;chinibayev;2023;kk;аннотация;аннотация;Зерттеу әдістері.;chinibayev/abstract_kz.txt:79
publications;Чинибаев Е.Г.;chinibayev;2023;kk;аннотация;аннотация;Жарияланымдар:;chinibayev/abstract_kz.txt:146
relevance;Чинибаев Е.Г.;chinibayev;2023;ru;аннотация;аннотация;Актуальность темы исследования.;chinibayev/abstract_ru.txt:11
objectives;Чинибаев Е.Г.;chinibayev;2023;ru;аннотация;аннотация;Задачи исследования.;chinibayev/abstract_ru.txt:49
novelty;Чинибаев Е.Г.;chinibayev;2023;ru;аннотация;аннотация;Научная новизна.;chinibayev/abstract_ru.txt:89
provisions;Чинибаев Е.Г.;chinibayev;2023;ru;аннотация;аннотация;Положения, выносимые на защиту.;chinibayev/abstract_ru.txt:123
practical;Чинибаев Е.Г.;chinibayev;2023;ru;аннотация;аннотация;Практическая значимость проведенного исследования состоит в;chinibayev/abstract_ru.txt:159
approbation;Чинибаев Е.Г.;chinibayev;2023;ru;аннотация;аннотация;Апробация работы и публикации.;chinibayev/abstract_ru.txt:167
publications;Чинибаев Е.Г.;chinibayev;2023;ru;аннотация;аннотация;Апробация работы и публикации.;chinibayev/abstract_ru.txt:167
relevance;Чинибаев Е.Г.;chinibayev;2023;en;аннотация;аннотация;Relevance of the study.;chinibayev/abstract_en.txt:9
objectives;Чинибаев Е.Г.;chinibayev;2023;en;аннотация;аннотация;Research objectives.;chinibayev/abstract_en.txt:38
methods;Чинибаев Е.Г.;chinibayev;2023;en;аннотация;аннотация;Research methods.;chinibayev/abstract_en.txt:73
novelty;Чинибаев Е.Г.;chinibayev;2023;en;аннотация;аннотация;Scientific novelty.;chinibayev/abstract_en.txt:78
provisions;Чинибаев Е.Г.;chinibayev;2023;en;аннотация;аннотация;Provisions to be defended.;chinibayev/abstract_en.txt:106
approbation;Чинибаев Е.Г.;chinibayev;2023;en;аннотация;аннотация;Approbation of work and publication.;chinibayev/abstract_en.txt:128
publications;Чинибаев Е.Г.;chinibayev;2023;en;аннотация;аннотация;Publications:;chinibayev/abstract_en.txt:133
relevance;Бакирова Г.С.;bakirova;2026;kk;аннотация;аннотация;Зерттеу тақырыбының өзектілігі.;bakirova/abstract_kz.txt:10
novelty;Бакирова Г.С.;bakirova;2026;kk;аннотация;аннотация;Зерттеудің ғылыми жаңалығы мынада:;bakirova/abstract_kz.txt:100
theoretical;Бакирова Г.С.;bakirova;2026;kk;аннотация;аннотация;Зерттеудің теориялық маңызы:;bakirova/abstract_kz.txt:116
contribution;Бакирова Г.С.;bakirova;2026;kk;аннотация;аннотация;Автордың жеке үлесі.;bakirova/abstract_kz.txt:381
relevance;Бакирова Г.С.;bakirova;2026;ru;аннотация;аннотация;Актуальность темы исследования.;bakirova/abstract_ru.txt:11
objectives;Бакирова Г.С.;bakirova;2026;ru;аннотация;аннотация;Задачи исследования:;bakirova/abstract_ru.txt:71
methods;Бакирова Г.С.;bakirova;2026;ru;аннотация;аннотация;Предметом исследования являются методы и алгоритмы;bakirova/abstract_ru.txt:86
theoretical;Бакирова Г.С.;bakirova;2026;ru;аннотация;аннотация;Теоретическая значимость исследования:;bakirova/abstract_ru.txt:123
practical;Бакирова Г.С.;bakirova;2026;ru;аннотация;аннотация;Практическая значимость исследования:;bakirova/abstract_ru.txt:135
provisions;Бакирова Г.С.;bakirova;2026;ru;аннотация;аннотация;Основные положения, выносимые на защиту:;bakirova/abstract_ru.txt:149
contribution;Бакирова Г.С.;bakirova;2026;ru;аннотация;аннотация;Личный вклад автора.;bakirova/abstract_ru.txt:354
relevance;Бакирова Г.С.;bakirova;2026;en;аннотация;аннотация;Relevance of the research.;bakirova/abstract_en.txt:8
objectives;Бакирова Г.С.;bakirova;2026;en;аннотация;аннотация;Research objectives:;bakirova/abstract_en.txt:60
theoretical;Бакирова Г.С.;bakirova;2026;en;аннотация;аннотация;Theoretical significance of the research:;bakirova/abstract_en.txt:103
practical;Бакирова Г.С.;bakirova;2026;en;аннотация;аннотация;Theoretical significance of the research:;bakirova/abstract_en.txt:103
provisions;Бакирова Г.С.;bakirova;2026;en;аннотация;аннотация;Main provisions put forward for defense:;bakirova/abstract_en.txt:126
contribution;Бакирова Г.С.;bakirova;2026;en;аннотация;аннотация;Author's Personal Contribution.;bakirova/abstract_en.txt:347
relevance;Базарбеков И.М.;bazarbekov;2026;kk;аннотация;аннотация;Өзектілігі;bazarbekov/abstract_kz.txt:11
provisions;Базарбеков И.М.;bazarbekov;2026;kk;аннотация;аннотация;Қорғауға ұсынылатын ғылыми тұжырымдар:;bazarbekov/abstract_kz.txt:103
novelty;Базарбеков И.М.;bazarbekov;2026;kk;аннотация;аннотация;Ғылыми жаңалығы;bazarbekov/abstract_kz.txt:173
practical;Базарбеков И.М.;bazarbekov;2026;kk;аннотация;аннотация;Диссертациялық жұмыстың практикалық маңыздылығы когнитивтік;bazarbekov/abstract_kz.txt:236
approbation;Базарбеков И.М.;bazarbekov;2026;kk;аннотация;аннотация;Диссертациялық жұмыстың апробациясы;bazarbekov/abstract_kz.txt:295
relevance;Базарбеков И.М.;bazarbekov;2026;ru;аннотация;аннотация;Актуальность;bazarbekov/abstract_ru.txt:10
provisions;Базарбеков И.М.;bazarbekov;2026;ru;аннотация;аннотация;Научные положения, выносимые на защиту:;bazarbekov/abstract_ru.txt:123
approbation;Базарбеков И.М.;bazarbekov;2026;ru;аннотация;аннотация;Апробация диссертационной работы;bazarbekov/abstract_ru.txt:307
relevance;Базарбеков И.М.;bazarbekov;2026;en;аннотация;аннотация;Relevance;bazarbekov/abstract_en.txt:10
provisions;Базарбеков И.М.;bazarbekov;2026;en;аннотация;аннотация;Scientific provisions submitted for defense;bazarbekov/abstract_en.txt:91
novelty;Базарбеков И.М.;bazarbekov;2026;en;аннотация;аннотация;Scientific novelty;bazarbekov/abstract_en.txt:155
theoretical;Базарбеков И.М.;bazarbekov;2026;en;аннотация;аннотация;Theoretical significance;bazarbekov/abstract_en.txt:164
practical;Базарбеков И.М.;bazarbekov;2026;en;аннотация;аннотация;Theoretical significance;bazarbekov/abstract_en.txt:164
approbation;Базарбеков И.М.;bazarbekov;2026;en;аннотация;аннотация;Approbation of the dissertation work;bazarbekov/abstract_en.txt:247
relevance;Алпар С.Д.;alpar;2023;kk;аннотация;аннотация;Зерттеудің өзектілігі.;alpar/abstract_kz.txt:19
aim;Алпар С.Д.;alpar;2023;kk;аннотация;аннотация;Диссертациялық жұмыстың мақсаты:;alpar/abstract_kz.txt:31
object;Алпар С.Д.;alpar;2023;kk;аннотация;аннотация;Зерттеу объектісі.;alpar/abstract_kz.txt:61
novelty;Алпар С.Д.;alpar;2023;kk;аннотация;аннотация;Жұмыстың ғылыми жаңалығы:;alpar/abstract_kz.txt:79
theoretical;Алпар С.Д.;alpar;2023;kk;аннотация;аннотация;Зерттеудің теориялық жəне практикалық маңызы.;alpar/abstract_kz.txt:113
practical;Алпар С.Д.;alpar;2023;kk;аннотация;аннотация;Зерттеудің теориялық жəне практикалық маңызы.;alpar/abstract_kz.txt:113
publications;Алпар С.Д.;alpar;2023;kk;аннотация;аннотация;Жарияланымдар.;alpar/abstract_kz.txt:154
relevance;Алпар С.Д.;alpar;2023;ru;аннотация;аннотация;Актуальность исследования.;alpar/abstract_ru.txt:24
aim;Алпар С.Д.;alpar;2023;ru;аннотация;аннотация;Цель диссертационной работы:;alpar/abstract_ru.txt:46
object;Алпар С.Д.;alpar;2023;ru;аннотация;аннотация;Объект исследования.;alpar/abstract_ru.txt:83
subject;Алпар С.Д.;alpar;2023;ru;аннотация;аннотация;Предмет исследования.;alpar/abstract_ru.txt:88
methods;Алпар С.Д.;alpar;2023;ru;аннотация;аннотация;Методы исследований.;alpar/abstract_ru.txt:91
novelty;Алпар С.Д.;alpar;2023;ru;аннотация;аннотация;Научная новизна работы:;alpar/abstract_ru.txt:102
provisions;Алпар С.Д.;alpar;2023;ru;аннотация;аннотация;Научные положения, выносимые на защиту:;alpar/abstract_ru.txt:121
significance;Алпар С.Д.;alpar;2023;ru;аннотация;аннотация;Теоретическая и практическая значимость исследования.;alpar/abstract_ru.txt:148
approbation;Алпар С.Д.;alpar;2023;ru;аннотация;аннотация;Апробация работы.;alpar/abstract_ru.txt:169
publications;Алпар С.Д.;alpar;2023;ru;аннотация;аннотация;Публикации.;alpar/abstract_ru.txt:185
relevance;Алпар С.Д.;alpar;2023;en;аннотация;аннотация;The relevance of research.;alpar/abstract_en.txt:18
objectives;Алпар С.Д.;alpar;2023;en;аннотация;аннотация;The following research objectives were set:;alpar/abstract_en.txt:33
object;Алпар С.Д.;alpar;2023;en;аннотация;аннотация;Object of study.;alpar/abstract_en.txt:54
subject;Алпар С.Д.;alpar;2023;en;аннотация;аннотация;Subject of study.;alpar/abstract_en.txt:59
methods;Алпар С.Д.;alpar;2023;en;аннотация;аннотация;Research methods.;alpar/abstract_en.txt:62
novelty;Алпар С.Д.;alpar;2023;en;аннотация;аннотация;Scientific novelty of the work:;alpar/abstract_en.txt:71
provisions;Алпар С.Д.;alpar;2023;en;аннотация;аннотация;Scientific provisions submitted for defense:;alpar/abstract_en.txt:86
approbation;Алпар С.Д.;alpar;2023;en;аннотация;аннотация;Approbation of work.;alpar/abstract_en.txt:119
publications;Алпар С.Д.;alpar;2023;en;аннотация;аннотация;Publications.;alpar/abstract_en.txt:131
title_program;Тоқтарова А.Б.;toktarova;2025;kk;аннотация;аннотация;Тоқтарова Айгерім Бастарбекқызының 8D06115 – «Ақпараттық;toktarova/abstract_kz.txt:1
relevance;Тоқтарова А.Б.;toktarova;2025;kk;аннотация;аннотация;Зерттеу жұмысының өзектілігі.;toktarova/abstract_kz.txt:10
objectives;Тоқтарова А.Б.;toktarova;2025;kk;аннотация;аннотация;Ғылыми зерттеу жұмысының міндеттері:;toktarova/abstract_kz.txt:97
theoretical;Тоқтарова А.Б.;toktarova;2025;kk;аннотация;аннотация;Зерттеудің теориялық маңыздылығы:;toktarova/abstract_kz.txt:121
practical;Тоқтарова А.Б.;toktarova;2025;kk;аннотация;аннотация;Зерттеудің практикалық маңыздылығы:;toktarova/abstract_kz.txt:124
novelty;Тоқтарова А.Б.;toktarova;2025;kk;аннотация;аннотация;Зерттеу жұмысының ғылыми жаңалығы:;toktarova/abstract_kz.txt:135
contribution;Тоқтарова А.Б.;toktarova;2025;kk;аннотация;аннотация;Докторанттың жеке қосқан үлесі.;toktarova/abstract_kz.txt:171
relevance;Тоқтарова А.Б.;toktarova;2025;ru;аннотация;аннотация;Актуальность исследования.;toktarova/abstract_ru.txt:11
aim;Тоқтарова А.Б.;toktarova;2025;ru;аннотация;аннотация;Цель диссертационного исследования.;toktarova/abstract_ru.txt:75
objectives;Тоқтарова А.Б.;toktarova;2025;ru;аннотация;аннотация;Задачи исследования:;toktarova/abstract_ru.txt:79
methods;Тоқтарова А.Б.;toktarova;2025;ru;аннотация;аннотация;Методы исследования:;toktarova/abstract_ru.txt:100
theoretical;Тоқтарова А.Б.;toktarova;2025;ru;аннотация;аннотация;Теоретическая значимость:;toktarova/abstract_ru.txt:109
practical;Тоқтарова А.Б.;toktarova;2025;ru;аннотация;аннотация;Практическая значимость:;toktarova/abstract_ru.txt:114
provisions;Тоқтарова А.Б.;toktarova;2025;ru;аннотация;аннотация;Основные положения, выносимые на защиту:;toktarova/abstract_ru.txt:119
contribution;Тоқтарова А.Б.;toktarova;2025;ru;аннотация;аннотация;Личный вклад докторанта:;toktarova/abstract_ru.txt:164
title_doctoral;Тоқтарова А.Б.;toktarova;2025;ru;аннотация;аннотация;Личный вклад докторанта:;toktarova/abstract_ru.txt:164
approbation;Тоқтарова А.Б.;toktarova;2025;ru;аннотация;аннотация;Апробация результатов исследования.;toktarova/abstract_ru.txt:174
implementation;Тоқтарова А.Б.;toktarova;2025;ru;аннотация;аннотация;Акт внедрения.;toktarova/abstract_ru.txt:263
relevance;Тоқтарова А.Б.;toktarova;2025;en;аннотация;аннотация;Relevance of the Research:;toktarova/abstract_en.txt:10
aim;Тоқтарова А.Б.;toktarova;2025;en;аннотация;аннотация;Research Goal.;toktarova/abstract_en.txt:57
objectives;Тоқтарова А.Б.;toktarova;2025;en;аннотация;аннотация;Research Objectives:;toktarova/abstract_en.txt:60
object;Тоқтарова А.Б.;toktarova;2025;en;аннотация;аннотация;Research Object:;toktarova/abstract_en.txt:80
theoretical;Тоқтарова А.Б.;toktarova;2025;en;аннотация;аннотация;Theoretical Significance:;toktarova/abstract_en.txt:86
practical;Тоқтарова А.Б.;toktarova;2025;en;аннотация;аннотация;Theoretical Significance:;toktarova/abstract_en.txt:86
contribution;Тоқтарова А.Б.;toktarova;2025;en;аннотация;аннотация;Doctoral Candidate’s Personal Contribution:;toktarova/abstract_en.txt:133
title_doctoral;Тоқтарова А.Б.;toktarova;2025;en;аннотация;аннотация;Doctoral Candidate’s Personal Contribution:;toktarova/abstract_en.txt:133
approbation;Тоқтарова А.Б.;toktarova;2025;en;аннотация;аннотация;Approbation of research results.;toktarova/abstract_en.txt:144
implementation;Тоқтарова А.Б.;toktarova;2025;en;аннотация;аннотация;Implementation certificate.;toktarova/abstract_en.txt:226
certificate;Тоқтарова А.Б.;toktarova;2025;en;аннотация;аннотация;Implementation certificate.;toktarova/abstract_en.txt:226
title_program;Дауренбаева Н.А.;daurenbayeva;2025;kk;аннотация;аннотация;Дауренбаева Нуркамиля Алдангаровнаның 8D06102 –;daurenbayeva/abstract_kz.txt:1
relevance;Дауренбаева Н.А.;daurenbayeva;2025;kk;аннотация;аннотация;Зерттеу тақырыбының өзектілігі.;daurenbayeva/abstract_kz.txt:17
aim;Дауренбаева Н.А.;daurenbayeva;2025;kk;аннотация;аннотация;Зерттеу мақсаты:;daurenbayeva/abstract_kz.txt:104
objectives;Дауренбаева Н.А.;daurenbayeva;2025;kk;аннотация;аннотация;Зерттеу міндеттері:;daurenbayeva/abstract_kz.txt:108
theoretical;Дауренбаева Н.А.;daurenbayeva;2025;kk;аннотация;аннотация;Зерттеудің теориялық жəне əдіснамалық негізі.;daurenbayeva/abstract_kz.txt:125
novelty;Дауренбаева Н.А.;daurenbayeva;2025;kk;аннотация;аннотация;Ғылыми жаңалығы;daurenbayeva/abstract_kz.txt:142
provisions;Дауренбаева Н.А.;daurenbayeva;2025;kk;аннотация;аннотация;Қорғауға ұсынылатын негізгі тұжырымдар:;daurenbayeva/abstract_kz.txt:183
practical;Дауренбаева Н.А.;daurenbayeva;2025;kk;аннотация;аннотация;Жұмыстың теориялық жəне практикалық маңызы:;daurenbayeva/abstract_kz.txt:203
relevance;Дауренбаева Н.А.;daurenbayeva;2025;ru;аннотация;аннотация;Актуальность темы исследования.;daurenbayeva/abstract_ru.txt:21
theoretical;Дауренбаева Н.А.;daurenbayeva;2025;ru;аннотация;аннотация;Теоретическая и методологическая основа.;daurenbayeva/abstract_ru.txt:146
novelty;Дауренбаева Н.А.;daurenbayeva;2025;ru;аннотация;аннотация;Научная новизна заключается в разработке унифицированного;daurenbayeva/abstract_ru.txt:165
provisions;Дауренбаева Н.А.;daurenbayeva;2025;ru;аннотация;аннотация;Основные положения, выносимые на защиту:;daurenbayeva/abstract_ru.txt:216
relevance;Дауренбаева Н.А.;daurenbayeva;2025;en;аннотация;аннотация;Relevance of the research.;daurenbayeva/abstract_en.txt:17
aim_objectives;Дауренбаева Н.А.;daurenbayeva;2025;en;аннотация;аннотация;Research aim and objectives;daurenbayeva/abstract_en.txt:76
object_subject;Дауренбаева Н.А.;daurenbayeva;2025;en;аннотация;аннотация;Object and subject of research;daurenbayeva/abstract_en.txt:93
theoretical;Дауренбаева Н.А.;daurenbayeva;2025;en;аннотация;аннотация;Theoretical and methodological framework.;daurenbayeva/abstract_en.txt:97
significance;Дауренбаева Н.А.;daurenbayeva;2025;en;аннотация;аннотация;Theoretical and practical significance.;daurenbayeva/abstract_en.txt:169
publications;Дауренбаева Н.А.;daurenbayeva;2025;en;аннотация;аннотация;Dissemination and publications.;daurenbayeva/abstract_en.txt:176
relevance;Мерембаев Т.Ж.;merembayev;2022;kk;аннотация;аннотация;Ғылыми жұмыстың өзектілігі;merembayev/abstract_kz.txt:9
aim_objectives;Мерембаев Т.Ж.;merembayev;2022;kk;аннотация;аннотация;Зерттеудің мақсаты мен міндеттері.;merembayev/abstract_kz.txt:65
theoretical;Мерембаев Т.Ж.;merembayev;2022;kk;аннотация;аннотация;Жұмыстың теориялық және практикалық маңызы.;merembayev/abstract_kz.txt:111
practical;Мерембаев Т.Ж.;merembayev;2022;kk;аннотация;аннотация;Жұмыстың теориялық және практикалық маңызы.;merembayev/abstract_kz.txt:111
approbation;Мерембаев Т.Ж.;merembayev;2022;kk;аннотация;аннотация;Жұмысты апробациясы.;merembayev/abstract_kz.txt:207
publications;Мерембаев Т.Ж.;merembayev;2022;kk;аннотация;аннотация;Жарияланымдар.;merembayev/abstract_kz.txt:217
certificate;Мерембаев Т.Ж.;merembayev;2022;kk;аннотация;аннотация;Патент;merembayev/abstract_kz.txt:250
relevance;Мерембаев Т.Ж.;merembayev;2022;ru;аннотация;аннотация;Актуальность темы исследования.;merembayev/abstract_ru.txt:10
novelty;Мерембаев Т.Ж.;merembayev;2022;ru;аннотация;аннотация;Научная новизна.;merembayev/abstract_ru.txt:88
approbation;Мерембаев Т.Ж.;merembayev;2022;ru;аннотация;аннотация;Апробация работы.;merembayev/abstract_ru.txt:187
publications;Мерембаев Т.Ж.;merembayev;2022;ru;аннотация;аннотация;Научные публикации:;merembayev/abstract_ru.txt:196
certificate;Мерембаев Т.Ж.;merembayev;2022;ru;аннотация;аннотация;Патент;merembayev/abstract_ru.txt:229
relevance;Мерембаев Т.Ж.;merembayev;2022;en;аннотация;аннотация;Relevance of the research topic.;merembayev/abstract_en.txt:7
novelty;Мерембаев Т.Ж.;merembayev;2022;en;аннотация;аннотация;Scientific novelty.;merembayev/abstract_en.txt:74
approbation;Мерембаев Т.Ж.;merembayev;2022;en;аннотация;аннотация;Approbation of work.;merembayev/abstract_en.txt:160
publications;Мерембаев Т.Ж.;merembayev;2022;en;аннотация;аннотация;Scientific publications:;merembayev/abstract_en.txt:170
relevance;Тохтахунов И.Т.;tokhtakhunov;2026;kk;аннотация;аннотация;Зерттеудің өзектілігі;tokhtakhunov/abstract_kz.txt:19
aim;Тохтахунов И.Т.;tokhtakhunov;2026;kk;аннотация;аннотация;Зерттеудің мақсаты;tokhtakhunov/abstract_kz.txt:37
objectives;Тохтахунов И.Т.;tokhtakhunov;2026;kk;аннотация;аннотация;Зерттеудің міндеттері;tokhtakhunov/abstract_kz.txt:41
object;Тохтахунов И.Т.;tokhtakhunov;2026;kk;аннотация;аннотация;Зерттеу объектісі мен пəні;tokhtakhunov/abstract_kz.txt:54
novelty;Тохтахунов И.Т.;tokhtakhunov;2026;kk;аннотация;аннотация;Ғылыми жаңалығы;tokhtakhunov/abstract_kz.txt:120
provisions;Тохтахунов И.Т.;tokhtakhunov;2026;kk;аннотация;аннотация;Қорғауға шығарылатын негізгі қағидалар;tokhtakhunov/abstract_kz.txt:167
contribution;Тохтахунов И.Т.;tokhtakhunov;2026;kk;аннотация;аннотация;Авторлың жеке үлесі;tokhtakhunov/abstract_kz.txt:296
title_program;Тохтахунов И.Т.;tokhtakhunov;2026;ru;аннотация;аннотация;8D06105 – «Наука о данных»;tokhtakhunov/abstract_ru.txt:7
relevance;Тохтахунов И.Т.;tokhtakhunov;2026;ru;аннотация;аннотация;Актуальность исследования;tokhtakhunov/abstract_ru.txt:21
aim;Тохтахунов И.Т.;tokhtakhunov;2026;ru;аннотация;аннотация;Цель исследования;tokhtakhunov/abstract_ru.txt:39
object_subject;Тохтахунов И.Т.;tokhtakhunov;2026;ru;аннотация;аннотация;Объект и предмет исследования;tokhtakhunov/abstract_ru.txt:56
methods;Тохтахунов И.Т.;tokhtakhunov;2026;ru;аннотация;аннотация;Методы исследования;tokhtakhunov/abstract_ru.txt:63
novelty;Тохтахунов И.Т.;tokhtakhunov;2026;ru;аннотация;аннотация;Научная новизна;tokhtakhunov/abstract_ru.txt:117
provisions;Тохтахунов И.Т.;tokhtakhunov;2026;ru;аннотация;аннотация;Основные положения, выносимые на защиту;tokhtakhunov/abstract_ru.txt:163
theoretical;Тохтахунов И.Т.;tokhtakhunov;2026;ru;аннотация;аннотация;Теоретическая значимость исследования;tokhtakhunov/abstract_ru.txt:183
practical;Тохтахунов И.Т.;tokhtakhunov;2026;ru;аннотация;аннотация;Практическая значимость исследования;tokhtakhunov/abstract_ru.txt:193
contribution;Тохтахунов И.Т.;tokhtakhunov;2026;ru;аннотация;аннотация;Личный вклад автора;tokhtakhunov/abstract_ru.txt:278
relevance;Тохтахунов И.Т.;tokhtakhunov;2026;en;аннотация;аннотация;Relevance of the research;tokhtakhunov/abstract_en.txt:18
aim;Тохтахунов И.Т.;tokhtakhunov;2026;en;аннотация;аннотация;Goal of the research;tokhtakhunov/abstract_en.txt:33
objectives;Тохтахунов И.Т.;tokhtakhunov;2026;en;аннотация;аннотация;Research objectives;tokhtakhunov/abstract_en.txt:37
object_subject;Тохтахунов И.Т.;tokhtakhunov;2026;en;аннотация;аннотация;Object and subject of research;tokhtakhunov/abstract_en.txt:50
methods;Тохтахунов И.Т.;tokhtakhunov;2026;en;аннотация;аннотация;Research methods;tokhtakhunov/abstract_en.txt:56
novelty;Тохтахунов И.Т.;tokhtakhunov;2026;en;аннотация;аннотация;Scientific novelty;tokhtakhunov/abstract_en.txt:116
provisions;Тохтахунов И.Т.;tokhtakhunov;2026;en;аннотация;аннотация;Main provisions put forward for defense;tokhtakhunov/abstract_en.txt:159
practical;Тохтахунов И.Т.;tokhtakhunov;2026;en;аннотация;аннотация;Theoretical significance of the research;tokhtakhunov/abstract_en.txt:177
contribution;Тохтахунов И.Т.;tokhtakhunov;2026;en;аннотация;аннотация;Author's personal contribution;tokhtakhunov/abstract_en.txt:271
relevance;Мырзакерімова А.Б.;myrzakerimova;2024;kk;аннотация;аннотация;Зерттеу тақырыбының өзектілігі медициналық диагностиканың;myrzakerimova/abstract_kz.txt:11
aim;Мырзакерімова А.Б.;myrzakerimova;2024;kk;аннотация;аннотация;Диссертациялық жұмыстың мақсаты – ақпараттық-математикалық;myrzakerimova/abstract_kz.txt:27
novelty;Мырзакерімова А.Б.;myrzakerimova;2024;kk;аннотация;аннотация;Диссертациялық жұмыстың ғылыми жаңалығы.;myrzakerimova/abstract_kz.txt:59
theoretical;Мырзакерімова А.Б.;myrzakerimova;2024;kk;аннотация;аннотация;Теориялық жəне практикалық маңызы.;myrzakerimova/abstract_kz.txt:92
practical;Мырзакерімова А.Б.;myrzakerimova;2024;kk;аннотация;аннотация;Теориялық жəне практикалық маңызы.;myrzakerimova/abstract_kz.txt:92
relevance;Мырзакерімова А.Б.;myrzakerimova;2024;ru;аннотация;аннотация;Актуальность темы исследования обусловлена необходимостью;myrzakerimova/abstract_ru.txt:10
objectives;Мырзакерімова А.Б.;myrzakerimova;2024;ru;аннотация;аннотация;Задачи исследования.;myrzakerimova/abstract_ru.txt:32
novelty;Мырзакерімова А.Б.;myrzakerimova;2024;ru;аннотация;аннотация;Научная новизна.;myrzakerimova/abstract_ru.txt:69
provisions;Мырзакерімова А.Б.;myrzakerimova;2024;ru;аннотация;аннотация;Научные положения, выносимые на защиту:;myrzakerimova/abstract_ru.txt:90
significance;Мырзакерімова А.Б.;myrzakerimova;2024;ru;аннотация;аннотация;Теоретическая и практическая значимость.;myrzakerimova/abstract_ru.txt:103
approbation;Мырзакерімова А.Б.;myrzakerimova;2024;ru;аннотация;аннотация;Апробация работы и публикации.;myrzakerimova/abstract_ru.txt:121
publications;Мырзакерімова А.Б.;myrzakerimova;2024;ru;аннотация;аннотация;Апробация работы и публикации.;myrzakerimova/abstract_ru.txt:121
objectives;Мырзакерімова А.Б.;myrzakerimova;2024;en;аннотация;аннотация;Objectives of the research.;myrzakerimova/abstract_en.txt:29
novelty;Мырзакерімова А.Б.;myrzakerimova;2024;en;аннотация;аннотация;Scientific novelty.;myrzakerimova/abstract_en.txt:64
provisions;Мырзакерімова А.Б.;myrzakerimova;2024;en;аннотация;аннотация;Scientific provisions submitted for defense:;myrzakerimova/abstract_en.txt:83
significance;Мырзакерімова А.Б.;myrzakerimova;2024;en;аннотация;аннотация;Theoretical and practical significance.;myrzakerimova/abstract_en.txt:95
approbation;Мырзакерімова А.Б.;myrzakerimova;2024;en;аннотация;аннотация;Approbation of work.;myrzakerimova/abstract_en.txt:109
publications;Мырзакерімова А.Б.;myrzakerimova;2024;en;аннотация;аннотация;Publications:;myrzakerimova/abstract_en.txt:142
relevance;Ибраева Ж.Б.;ibrayeva;2023;kk;аннотация;аннотация;Зерттеу тақырыбының өзектілігі.;ibrayeva/abstract_kz.txt:10
aim;Ибраева Ж.Б.;ibrayeva;2023;kk;аннотация;аннотация;Диссертациялық жұмыстың мақсаты нақты өлшенген желілік;ibrayeva/abstract_kz.txt:47
object;Ибраева Ж.Б.;ibrayeva;2023;kk;аннотация;аннотация;Зерттеу объектісі.;ibrayeva/abstract_kz.txt:57
novelty;Ибраева Ж.Б.;ibrayeva;2023;kk;аннотация;аннотация;Диссертациялық жұмыстың ғылыми жаңалығы келесі алынған;ibrayeva/abstract_kz.txt:61
theoretical;Ибраева Ж.Б.;ibrayeva;2023;kk;аннотация;аннотация;Теориялық және практикалық құндылығы.;ibrayeva/abstract_kz.txt:70
practical;Ибраева Ж.Б.;ibrayeva;2023;kk;аннотация;аннотация;Теориялық және практикалық құндылығы.;ibrayeva/abstract_kz.txt:70
publications;Ибраева Ж.Б.;ibrayeva;2023;kk;аннотация;аннотация;Жарияланымдар.;ibrayeva/abstract_kz.txt:141
relevance;Ибраева Ж.Б.;ibrayeva;2023;ru;аннотация;аннотация;Актуальность темы исследования.;ibrayeva/abstract_ru.txt:10
object;Ибраева Ж.Б.;ibrayeva;2023;ru;аннотация;аннотация;Объект исследования.;ibrayeva/abstract_ru.txt:87
significance;Ибраева Ж.Б.;ibrayeva;2023;ru;аннотация;аннотация;Теоретическая и практическая ценность.;ibrayeva/abstract_ru.txt:121
approbation;Ибраева Ж.Б.;ibrayeva;2023;ru;аннотация;аннотация;Апробация работы.;ibrayeva/abstract_ru.txt:389
relevance;Ибраева Ж.Б.;ibrayeva;2023;en;аннотация;аннотация;Relevance of the research topic.;ibrayeva/abstract_en.txt:7
novelty;Ибраева Ж.Б.;ibrayeva;2023;en;аннотация;аннотация;Scientific novelty.;ibrayeva/abstract_en.txt:53
approbation;Ибраева Ж.Б.;ibrayeva;2023;en;аннотация;аннотация;Approbation of work.;ibrayeva/abstract_en.txt:295
publications;Ибраева Ж.Б.;ibrayeva;2023;en;аннотация;аннотация;Scientific publications:;ibrayeva/abstract_en.txt:302
relevance;Науменко В.В.;naumenko;2024;kk;аннотация;аннотация;Зерттеудің өзектілігі мынада:;naumenko/abstract_kz.txt:140
aim;Науменко В.В.;naumenko;2024;kk;аннотация;аннотация;Диссертациялық жұмыстың мақсаты :;naumenko/abstract_kz.txt:209
subject;Науменко В.В.;naumenko;2024;kk;аннотация;аннотация;Зерттеу пәні :;naumenko/abstract_kz.txt:231
novelty;Науменко В.В.;naumenko;2024;kk;аннотация;аннотация;Ғылыми жаңалығы :;naumenko/abstract_kz.txt:236
contribution;Науменко В.В.;naumenko;2024;kk;аннотация;аннотация;Зерттеушінің жеке үлесі.;naumenko/abstract_kz.txt:275
publications;Науменко В.В.;naumenko;2024;kk;аннотация;аннотация;Жарияланымдар.;naumenko/abstract_kz.txt:316
approbation;Науменко В.В.;naumenko;2024;kk;аннотация;аннотация;Сенімділік деңгейі және апробация нәтижелері.;naumenko/abstract_kz.txt:353
relevance;Науменко В.В.;naumenko;2024;ru;аннотация;аннотация;Актуальность исследования заключается в:;naumenko/abstract_ru.txt:160
aim;Науменко В.В.;naumenko;2024;ru;аннотация;аннотация;Цель диссертационной работы:;naumenko/abstract_ru.txt:226
object;Науменко В.В.;naumenko;2024;ru;аннотация;аннотация;Объект исследования:;naumenko/abstract_ru.txt:248
subject;Науменко В.В.;naumenko;2024;ru;аннотация;аннотация;Предмет исследования:;naumenko/abstract_ru.txt:251
novelty;Науменко В.В.;naumenko;2024;ru;аннотация;аннотация;Научная новизна:;naumenko/abstract_ru.txt:257
contribution;Науменко В.В.;naumenko;2024;ru;аннотация;аннотация;Личный вклад исследователя.;naumenko/abstract_ru.txt:302
approbation;Науменко В.В.;naumenko;2024;ru;аннотация;аннотация;Апробация работы.;naumenko/abstract_ru.txt:314
publications;Науменко В.В.;naumenko;2024;ru;аннотация;аннотация;Публикации.;naumenko/abstract_ru.txt:349
object;Науменко В.В.;naumenko;2024;en;аннотация;аннотация;Object of study:;naumenko/abstract_en.txt:168
subject;Науменко В.В.;naumenko;2024;en;аннотация;аннотация;Subject of study:;naumenko/abstract_en.txt:169
novelty;Науменко В.В.;naumenko;2024;en;аннотация;аннотация;Scientific novelty:;naumenko/abstract_en.txt:173
contribution;Науменко В.В.;naumenko;2024;en;аннотация;аннотация;Researcher's personal contribution.;naumenko/abstract_en.txt:209
approbation;Науменко В.В.;naumenko;2024;en;аннотация;аннотация;Approbation of work.;naumenko/abstract_en.txt:220
publications;Науменко В.В.;naumenko;2024;en;аннотация;аннотация;Publications.;naumenko/abstract_en.txt:249
practical;Науменко В.В.;naumenko;2024;en;аннотация;аннотация;IV international scientific-practical conference.;naumenko/abstract_en.txt:302
object;Муханов С.Б.;mukhanov;2024;kk;аннотация;аннотация;Үлгіні тану - объект орналасқан кескін.;mukhanov/abstract_kz.txt:20
aim;Муханов С.Б.;mukhanov;2024;kk;аннотация;аннотация;Зерттеу мақсаты.;mukhanov/abstract_kz.txt:29
theoretical;Муханов С.Б.;mukhanov;2024;kk;аннотация;аннотация;Жұмыстың теориялық маңыздылығы.;mukhanov/abstract_kz.txt:92
novelty;Муханов С.Б.;mukhanov;2024;ru;аннотация;аннотация;Научная новизна исследования определяется:;mukhanov/abstract_ru.txt:86
provisions;Муханов С.Б.;mukhanov;2024;ru;аннотация;аннотация;Научная положения, выносимые на защиту:;mukhanov/abstract_ru.txt:96
significance;Муханов С.Б.;mukhanov;2024;ru;аннотация;аннотация;Теоретическая и практическая значимость.;mukhanov/abstract_ru.txt:107
approbation;Муханов С.Б.;mukhanov;2024;ru;аннотация;аннотация;Апробация диссертационной работы.;mukhanov/abstract_ru.txt:130
publications;Муханов С.Б.;mukhanov;2024;ru;аннотация;аннотация;Научные публикации:;mukhanov/abstract_ru.txt:175
aim;Муханов С.Б.;mukhanov;2024;en;аннотация;аннотация;Research goal.;mukhanov/abstract_en.txt:26
provisions;Муханов С.Б.;mukhanov;2024;en;аннотация;аннотация;Scientific provisions, applicable to protection:;mukhanov/abstract_en.txt:75
significance;Муханов С.Б.;mukhanov;2024;en;аннотация;аннотация;Theoretical and practical significance.;mukhanov/abstract_en.txt:84
relevance;Момынқулов З.З.;momynkulov;2026;kk;аннотация;аннотация;Өзектілігі;momynkulov/abstract_kz.txt:9
contribution;Момынқулов З.З.;momynkulov;2026;kk;аннотация;аннотация;Автордың жеке үлесі.;momynkulov/abstract_kz.txt:286
relevance;Момынқулов З.З.;momynkulov;2026;ru;аннотация;аннотация;Актуальность исследования.;momynkulov/abstract_ru.txt:8
aim;Момынқулов З.З.;momynkulov;2026;ru;аннотация;аннотация;Цель диссертационной работы:;momynkulov/abstract_ru.txt:42
objectives;Момынқулов З.З.;momynkulov;2026;ru;аннотация;аннотация;Были оставлены следующие задачи исследования:;momynkulov/abstract_ru.txt:46
object;Момынқулов З.З.;momynkulov;2026;ru;аннотация;аннотация;Объект исследования:;momynkulov/abstract_ru.txt:76
methods;Момынқулов З.З.;momynkulov;2026;ru;аннотация;аннотация;Методы исследования:;momynkulov/abstract_ru.txt:79
novelty;Момынқулов З.З.;momynkulov;2026;ru;аннотация;аннотация;Научная новизна работы:;momynkulov/abstract_ru.txt:82
contribution;Момынқулов З.З.;momynkulov;2026;ru;аннотация;аннотация;Научный вклад:;momynkulov/abstract_ru.txt:100
provisions;Момынқулов З.З.;momynkulov;2026;ru;аннотация;аннотация;Научные положения, выносимые на защиту:;momynkulov/abstract_ru.txt:135
significance;Момынқулов З.З.;momynkulov;2026;ru;аннотация;аннотация;Теоретическая и практическая значимость исследования.;momynkulov/abstract_ru.txt:157
title_program;Момынқулов З.З.;momynkulov;2026;en;аннотация;аннотация;"8D06105 – ""Data Science""";momynkulov/abstract_en.txt:7
relevance;Момынқулов З.З.;momynkulov;2026;en;аннотация;аннотация;Relevance;momynkulov/abstract_en.txt:9
novelty;Момынқулов З.З.;momynkulov;2026;en;аннотация;аннотация;Scientific novelty of the work:;momynkulov/abstract_en.txt:95
contribution;Момынқулов З.З.;momynkulov;2026;en;аннотация;аннотация;Scientific contribution:;momynkulov/abstract_en.txt:110
approbation;Момынқулов З.З.;momynkulov;2026;en;аннотация;аннотация;Approbation of the dissertation work;momynkulov/abstract_en.txt:183
relevance;Олжаев О.М.;olzhayev;2026;kk;аннотация;аннотация;Өзектілігі;olzhayev/abstract_kz.txt:9
objectives;Олжаев О.М.;olzhayev;2026;kk;аннотация;аннотация;Зерттеудің келесі міндеттері қойылды:;olzhayev/abstract_kz.txt:97
provisions;Олжаев О.М.;olzhayev;2026;kk;аннотация;аннотация;Қорғауға ұсынылатын ғылыми тұжырымдар:;olzhayev/abstract_kz.txt:134
novelty;Олжаев О.М.;olzhayev;2026;kk;аннотация;аннотация;Ғылыми жаңалығы;olzhayev/abstract_kz.txt:186
approbation;Олжаев О.М.;olzhayev;2026;kk;аннотация;аннотация;Диссертациялық жұмысты апробациясы;olzhayev/abstract_kz.txt:246
relevance;Олжаев О.М.;olzhayev;2026;ru;аннотация;аннотация;Актуальность;olzhayev/abstract_ru.txt:8
objectives;Олжаев О.М.;olzhayev;2026;ru;аннотация;аннотация;Были поставлены следующие задачи исследования:;olzhayev/abstract_ru.txt:102
provisions;Олжаев О.М.;olzhayev;2026;ru;аннотация;аннотация;Научные положения, выносимые на защиту:;olzhayev/abstract_ru.txt:142
contribution;Олжаев О.М.;olzhayev;2026;ru;аннотация;аннотация;Научный вклад:;olzhayev/abstract_ru.txt:207
approbation;Олжаев О.М.;olzhayev;2026;ru;аннотация;аннотация;Апробация диссертационной работы;olzhayev/abstract_ru.txt:259
relevance;Олжаев О.М.;olzhayev;2026;en;аннотация;аннотация;Relevance;olzhayev/abstract_en.txt:8
objectives;Олжаев О.М.;olzhayev;2026;en;аннотация;аннотация;The following research objectives were set:;olzhayev/abstract_en.txt:80
provisions;Олжаев О.М.;olzhayev;2026;en;аннотация;аннотация;Scientific provisions submitted for defense:;olzhayev/abstract_en.txt:110
novelty;Олжаев О.М.;olzhayev;2026;en;аннотация;аннотация;Scientific novelty;olzhayev/abstract_en.txt:145
contribution;Олжаев О.М.;olzhayev;2026;en;аннотация;аннотация;Scientific contribution:;olzhayev/abstract_en.txt:154
theoretical;Олжаев О.М.;olzhayev;2026;en;аннотация;аннотация;Theoretical significance;olzhayev/abstract_en.txt:166
practical;Олжаев О.М.;olzhayev;2026;en;аннотация;аннотация;Theoretical significance;olzhayev/abstract_en.txt:166
approbation;Олжаев О.М.;olzhayev;2026;en;аннотация;аннотация;Approbation of the dissertation work;olzhayev/abstract_en.txt:196
title_program;Әйтім Ә.Қ.;aitim;2025;kk;аннотация;аннотация;Əйтім Əйгерім Қайратқызының 8D06101 – «Интеллектуалды;aitim/abstract_kz.txt:1
relevance;Әйтім Ә.Қ.;aitim;2025;kk;аннотация;аннотация;Зерттеу тақырыбының өзектілігі – Қазақстан Республикасында;aitim/abstract_kz.txt:9
objectives;Әйтім Ә.Қ.;aitim;2025;kk;аннотация;аннотация;Зерттеу міндеттері:;aitim/abstract_kz.txt:91
novelty;Әйтім Ә.Қ.;aitim;2025;kk;аннотация;аннотация;Диссертациялық жұмыстың ғылыми жаңалығы:;aitim/abstract_kz.txt:137
approbation;Әйтім Ә.Қ.;aitim;2025;kk;аннотация;аннотация;Жұмыстың апробациясы:;aitim/abstract_kz.txt:176
publications;Әйтім Ә.Қ.;aitim;2025;kk;аннотация;аннотация;Жарияланымдар:;aitim/abstract_kz.txt:189
aim;Әйтім Ә.Қ.;aitim;2025;ru;аннотация;аннотация;Цель исследования заключается в разработке интегрированной;aitim/abstract_ru.txt:88
objectives;Әйтім Ә.Қ.;aitim;2025;ru;аннотация;аннотация;Задачи исследования:;aitim/abstract_ru.txt:96
novelty;Әйтім Ә.Қ.;aitim;2025;ru;аннотация;аннотация;Научная новизна исследования:;aitim/abstract_ru.txt:139
provisions;Әйтім Ә.Қ.;aitim;2025;ru;аннотация;аннотация;Научные положения, выносимые на защиту:;aitim/abstract_ru.txt:153
practical;Әйтім Ә.Қ.;aitim;2025;ru;аннотация;аннотация;Практическая ценность исследования заключается в создании;aitim/abstract_ru.txt:169
publications;Әйтім Ә.Қ.;aitim;2025;ru;аннотация;аннотация;Публикации.;aitim/abstract_ru.txt:203
novelty;Әйтім Ә.Қ.;aitim;2025;en;аннотация;аннотация;Scientific novelty.;aitim/abstract_en.txt:122
provisions;Әйтім Ә.Қ.;aitim;2025;en;аннотация;аннотация;Scientific provisions submitted for defense:;aitim/abstract_en.txt:132
methods;Әйтім Ә.Қ.;aitim;2025;en;аннотация;аннотация;Research methods.;aitim/abstract_en.txt:159
approbation;Әйтім Ә.Қ.;aitim;2025;en;аннотация;аннотация;Approbation of work.;aitim/abstract_en.txt:166
publications;Әйтім Ә.Қ.;aitim;2025;en;аннотация;аннотация;Publications:;aitim/abstract_en.txt:178
title_degree;Есмухамедов Н.С.;A17;2026;kk;01;title;Философия докторы (PhD) дәрежесін алу үшін дайындалған диссертация;defense\presentation\slides\01-title\kk.md
title_program;Есмухамедов Н.С.;A17;2026;kk;01;title;Білім беру бағдарламасы;defense\presentation\slides\01-title\kk.md
title_doctoral;Есмухамедов Н.С.;A17;2026;kk;01;title;Докторант;defense\presentation\slides\01-title\kk.md
title_consultant;Есмухамедов Н.С.;A17;2026;kk;01;title;Ғылыми кеңесші;defense\presentation\slides\01-title\kk.md
title_foreign_consultant;Есмухамедов Н.С.;A17;2026;kk;01;title;Шетелдік ғылыми кеңесші;defense\presentation\slides\01-title\kk.md
relevance;Есмухамедов Н.С.;A17;2026;kk;02;relevance;Зерттеудің өзектілігі;defense\presentation\slides\02-relevance\kk.md
dr;Есмухамедов Н.С.;A17;2026;kk;02;relevance;диабеттік ретинопатия (ДР);defense\presentation\slides\02-relevance\kk.md
screening;Есмухамедов Н.С.;A17;2026;kk;02;relevance;скрининг;defense\presentation\slides\02-relevance\kk.md
fundus_image;Есмухамедов Н.С.;A17;2026;kk;02;relevance;көз түбі кескіні;defense\presentation\slides\02-relevance\kk.md
preprocessing;Есмухамедов Н.С.;A17;2026;kk;02;relevance;алдын ала өңдеу;defense\presentation\slides\02-relevance\kk.md
aim_objectives;Есмухамедов Н.С.;A17;2026;kk;03;aim-objectives;Зерттеудің мақсаты мен міндеттері;defense\presentation\slides\03-aim-objectives\kk.md
aim;Есмухамедов Н.С.;A17;2026;kk;03;aim-objectives;Мақсаты;defense\presentation\slides\03-aim-objectives\kk.md
objectives;Есмухамедов Н.С.;A17;2026;kk;03;aim-objectives;Міндеттері;defense\presentation\slides\03-aim-objectives\kk.md
integrated_configuration;Есмухамедов Н.С.;A17;2026;kk;03;aim-objectives;интеграцияланған конфигурация;defense\presentation\slides\03-aim-objectives\kk.md
preprocessing_pipeline;Есмухамедов Н.С.;A17;2026;kk;03;aim-objectives;алдын ала өңдеу конвейері;defense\presentation\slides\03-aim-objectives\kk.md
object;Есмухамедов Н.С.;A17;2026;kk;03;object-subject;Зерттеу объектісі;defense\presentation\slides\03-aim-objectives\kk.md
subject;Есмухамедов Н.С.;A17;2026;kk;03;object-subject;Зерттеу пәні;defense\presentation\slides\03-aim-objectives\kk.md
novelty;Есмухамедов Н.С.;A17;2026;kk;04;novelty;Ғылыми жаңалығы;defense\presentation\slides\04-provisions\kk.md
preprocessing_pipeline;Есмухамедов Н.С.;A17;2026;kk;04;novelty;алдын ала өңдеу конвейері;defense\presentation\slides\04-provisions\kk.md
clip_limit;Есмухамедов Н.С.;A17;2026;kk;04;novelty;клип-лимит;defense\presentation\slides\04-provisions\kk.md
fov_mask;Есмухамедов Н.С.;A17;2026;kk;04;novelty;көру алаңының маскасы;defense\presentation\slides\04-provisions\kk.md
flat_field;Есмухамедов Н.С.;A17;2026;kk;04;novelty;жарықтандыруды түзету;defense\presentation\slides\04-provisions\kk.md
alo;Есмухамедов Н.С.;A17;2026;kk;04;novelty;ALO — назардың зақымданумен беттесуі;defense\presentation\slides\04-provisions\kk.md
domain_distance;Есмухамедов Н.С.;A17;2026;kk;04;novelty;домен қашықтығы;defense\presentation\slides\04-provisions\kk.md
provisions;Есмухамедов Н.С.;A17;2026;kk;04;provisions;Қорғауға ұсынылатын ғылыми тұжырымдар;defense\presentation\slides\04-provisions\kk.md
provision_n;Есмухамедов Н.С.;A17;2026;kk;04;provisions;N-тұжырым;defense\presentation\slides\04-provisions\kk.md
integrated_configuration;Есмухамедов Н.С.;A17;2026;kk;04;provisions;интеграцияланған конфигурация;defense\presentation\slides\04-provisions\kk.md
baseline_configuration;Есмухамедов Н.С.;A17;2026;kk;04;provisions;базалық конфигурация;defense\presentation\slides\04-provisions\kk.md
weighted_f1;Есмухамедов Н.С.;A17;2026;kk;04;provisions;салмақталған F1;defense\presentation\slides\04-provisions\kk.md
domain_distance;Есмухамедов Н.С.;A17;2026;kk;04;provisions;домен қашықтығы;defense\presentation\slides\04-provisions\kk.md
generalization_ratio;Есмухамедов Н.С.;A17;2026;kk;04;provisions;жалпылау қатынасы (G);defense\presentation\slides\04-provisions\kk.md
alo;Есмухамедов Н.С.;A17;2026;kk;04;provisions;ALO — назардың зақымданумен беттесуі;defense\presentation\slides\04-provisions\kk.md
mcid;Есмухамедов Н.С.;A17;2026;kk;04;provisions;клиникалық маңызды ең аз айырма (MCID);defense\presentation\slides\04-provisions\kk.md
preprocessing;Есмухамедов Н.С.;A17;2026;kk;05;review;алдын ала өңдеу;defense\presentation\slides\05-review\kk.md
domain_shift;Есмухамедов Н.С.;A17;2026;kk;05;review;домен ығысуы;defense\presentation\slides\05-review\kk.md
grad_cam;Есмухамедов Н.С.;A17;2026;kk;05;review;Grad-CAM;defense\presentation\slides\05-review\kk.md
preprocessing_pipeline;Есмухамедов Н.С.;A17;2026;kk;06;system-architecture;алдын ала өңдеу конвейері;defense\presentation\slides\06-system-architecture\kk.md
fov_mask;Есмухамедов Н.С.;A17;2026;kk;06;system-architecture;көру алаңының маскасы;defense\presentation\slides\06-system-architecture\kk.md
backbone;Есмухамедов Н.С.;A17;2026;kk;06;system-architecture;backbone;defense\presentation\slides\06-system-architecture\kk.md
referable_dr;Есмухамедов Н.С.;A17;2026;kk;06;system-architecture;жолдама берілуге тиіс ДР (ŷ ≥ 2);defense\presentation\slides\06-system-architecture\kk.md
grad_cam;Есмухамедов Н.С.;A17;2026;kk;06;system-architecture;Grad-CAM;defense\presentation\slides\06-system-architecture\kk.md
alo;Есмухамедов Н.С.;A17;2026;kk;06;system-architecture;ALO — назардың зақымданумен беттесуі;defense\presentation\slides\06-system-architecture\kk.md
factorial_design;Есмухамедов Н.С.;A17;2026;kk;07;factorial-design;факторлық жоба (2 × 2);defense\presentation\slides\07-factorial-design\kk.md
baseline_configuration;Есмухамедов Н.С.;A17;2026;kk;07;factorial-design;базалық конфигурация;defense\presentation\slides\07-factorial-design\kk.md
integrated_configuration;Есмухамедов Н.С.;A17;2026;kk;07;factorial-design;интеграцияланған конфигурация;defense\presentation\slides\07-factorial-design\kk.md
weighted_f1;Есмухамедов Н.С.;A17;2026;kk;07;factorial-design;салмақталған F1;defense\presentation\slides\07-factorial-design\kk.md
focal_loss;Есмухамедов Н.С.;A17;2026;kk;07;factorial-design;focal loss;defense\presentation\slides\07-factorial-design\kk.md
patient_level_cv;Есмухамедов Н.С.;A17;2026;kk;07;factorial-design;пациент деңгейінде стратификацияланған кросс-валидация;defense\presentation\slides\07-factorial-design\kk.md
corpus;Есмухамедов Н.С.;A17;2026;kk;08;datasets;корпус;defense\presentation\slides\08-datasets\kk.md
icdr;Есмухамедов Н.С.;A17;2026;kk;08;datasets;ICDR бес класты шкаласы;defense\presentation\slides\08-datasets\kk.md
class_imbalance;Есмухамедов Н.С.;A17;2026;kk;08;datasets;класс теңгерімсіздігі;defense\presentation\slides\08-datasets\kk.md
camera_group;Есмухамедов Н.С.;A17;2026;kk;09;cameras;камера тобы;defense\presentation\slides\09-cameras\kk.md
zero_shot;Есмухамедов Н.С.;A17;2026;kk;10;datasets-experiments;қайта оқытусыз тексеру;defense\presentation\slides\10-datasets-experiments\kk.md
preprocessing_pipeline;Есмухамедов Н.С.;A17;2026;kk;11;pipeline-overview;алдын ала өңдеу конвейері;defense\presentation\slides\11-pipeline-overview\kk.md
fov_mask;Есмухамедов Н.С.;A17;2026;kk;11;pipeline-overview;көру алаңының маскасы;defense\presentation\slides\11-pipeline-overview\kk.md
canonical_flip;Есмухамедов Н.С.;A17;2026;kk;12;canonical-flip;канондық айналдыру;defense\presentation\slides\12-canonical-flip\kk.md
od_fovea_rotation;Есмухамедов Н.С.;A17;2026;kk;13;od-fovea-rotation;диск пен фовеа бойынша бұру;defense\presentation\slides\13-od-fovea-rotation\kk.md
optic_disc;Есмухамедов Н.С.;A17;2026;kk;13;od-fovea-rotation;оптикалық диск;defense\presentation\slides\13-od-fovea-rotation\kk.md
fovea;Есмухамедов Н.С.;A17;2026;kk;13;od-fovea-rotation;фовеа;defense\presentation\slides\13-od-fovea-rotation\kk.md
fov_crop;Есмухамедов Н.С.;A17;2026;kk;14;crop-fov-mask;көру алаңы бойынша кесу;defense\presentation\slides\14-crop-fov-mask\kk.md
fov_mask;Есмухамедов Н.С.;A17;2026;kk;14;crop-fov-mask;көру алаңының маскасы;defense\presentation\slides\14-crop-fov-mask\kk.md
isotropic_scaling;Есмухамедов Н.С.;A17;2026;kk;14;crop-fov-mask;изотропты масштабтау;defense\presentation\slides\14-crop-fov-mask\kk.md
clahe;Есмухамедов Н.С.;A17;2026;kk;15;clahe;CLAHE (контрасты шектелген адаптивті гистограмма теңестіру);defense\presentation\slides\15-clahe\kk.md
clip_limit;Есмухамедов Н.С.;A17;2026;kk;15;clahe;клип-лимит;defense\presentation\slides\15-clahe\kk.md
augmentation;Есмухамедов Н.С.;A17;2026;kk;16;aug-rotation;аугментация;defense\presentation\slides\16-aug-rotation\kk.md
augmentation;Есмухамедов Н.С.;A17;2026;kk;17;aug-geometric;аугментация;defense\presentation\slides\17-aug-geometric\kk.md
augmentation;Есмухамедов Н.С.;A17;2026;kk;18;aug-photometric;аугментация;defense\presentation\slides\18-aug-photometric\kk.md
color_jitter;Есмухамедов Н.С.;A17;2026;kk;18;aug-photometric;түс ауытқуы (ColorJitter);defense\presentation\slides\18-aug-photometric\kk.md
dataset_normalization;Есмухамедов Н.С.;A17;2026;kk;19;normalization;бастапқы домен статистикасы бойынша нормалау;defense\presentation\slides\19-normalization\kk.md
focal_loss;Есмухамедов Н.С.;A17;2026;kk;20;training-metrics;focal loss;defense\presentation\slides\20-training-metrics\kk.md
patient_level_cv;Есмухамедов Н.С.;A17;2026;kk;20;training-metrics;пациент деңгейінде стратификацияланған кросс-валидация;defense\presentation\slides\20-training-metrics\kk.md
weighted_f1;Есмухамедов Н.С.;A17;2026;kk;20;training-metrics;салмақталған F1;defense\presentation\slides\20-training-metrics\kk.md
roc_auc;Есмухамедов Н.С.;A17;2026;kk;20;training-metrics;ROC-AUC (қисық астындағы аудан);defense\presentation\slides\20-training-metrics\kk.md
kappa;Есмухамедов Н.С.;A17;2026;kk;20;training-metrics;квадраттық каппа (κ);defense\presentation\slides\20-training-metrics\kk.md
generalization_ratio;Есмухамедов Н.С.;A17;2026;kk;20;training-metrics;жалпылау қатынасы (G);defense\presentation\slides\20-training-metrics\kk.md
alo;Есмухамедов Н.С.;A17;2026;kk;20;training-metrics;ALO — назардың зақымданумен беттесуі;defense\presentation\slides\20-training-metrics\kk.md
factorial_design;Есмухамедов Н.С.;A17;2026;kk;21;exp1;факторлық жоба (2 × 2);defense\presentation\slides\21-exp1\kk.md
weighted_f1;Есмухамедов Н.С.;A17;2026;kk;21;exp1;салмақталған F1;defense\presentation\slides\21-exp1\kk.md
integrated_configuration;Есмухамедов Н.С.;A17;2026;kk;21;exp1;интеграцияланған конфигурация;defense\presentation\slides\21-exp1\kk.md
baseline_configuration;Есмухамедов Н.С.;A17;2026;kk;21;exp1;базалық конфигурация;defense\presentation\slides\21-exp1\kk.md
ablation;Есмухамедов Н.С.;A17;2026;kk;22;exp2;абляция (кумулятивті);defense\presentation\slides\22-exp2\kk.md
flat_field;Есмухамедов Н.С.;A17;2026;kk;22;exp2;жарықтандыруды түзету;defense\presentation\slides\22-exp2\kk.md
clahe;Есмухамедов Н.С.;A17;2026;kk;22;exp2;CLAHE (контрасты шектелген адаптивті гистограмма теңестіру);defense\presentation\slides\22-exp2\kk.md
clip_limit;Есмухамедов Н.С.;A17;2026;kk;22;exp2;клип-лимит;defense\presentation\slides\22-exp2\kk.md
domain_distance;Есмухамедов Н.С.;A17;2026;kk;23;domain-distance;домен қашықтығы;defense\presentation\slides\23-domain-distance\kk.md
mmd;Есмухамедов Н.С.;A17;2026;kk;23;domain-distance;MMD (максималды орташа айырма);defense\presentation\slides\23-domain-distance\kk.md
kl_divergence;Есмухамедов Н.С.;A17;2026;kk;23;domain-distance;KL-дивергенция;defense\presentation\slides\23-domain-distance\kk.md
penultimate_layer;Есмухамедов Н.С.;A17;2026;kk;23;domain-distance;соңының алдындағы қабат;defense\presentation\slides\23-domain-distance\kk.md
generalization_ratio;Есмухамедов Н.С.;A17;2026;kk;24;exp3;жалпылау қатынасы (G);defense\presentation\slides\24-exp3\kk.md
zero_shot;Есмухамедов Н.С.;A17;2026;kk;24;exp3;қайта оқытусыз тексеру;defense\presentation\slides\24-exp3\kk.md
cross_corpus_transfer;Есмухамедов Н.С.;A17;2026;kk;24;exp3;корпусаралық тасымалдау;defense\presentation\slides\24-exp3\kk.md
alo;Есмухамедов Н.С.;A17;2026;kk;25;exp4;ALO — назардың зақымданумен беттесуі;defense\presentation\slides\25-exp4\kk.md
grad_cam;Есмухамедов Н.С.;A17;2026;kk;25;exp4;Grad-CAM;defense\presentation\slides\25-exp4\kk.md
attention_alignment;Есмухамедов Н.С.;A17;2026;kk;25;exp4;назардың аннотациямен үйлесімі;defense\presentation\slides\25-exp4\kk.md
lesion_types;Есмухамедов Н.С.;A17;2026;kk;25;exp4;зақымдану түрлері: микроаневризма, қанталау, қатты / жұмсақ экссудат;defense\presentation\slides\25-exp4\kk.md
mcid;Есмухамедов Н.С.;A17;2026;kk;26;exp5;клиникалық маңызды ең аз айырма (MCID);defense\presentation\slides\26-exp5\kk.md
external_clinical_performance;Есмухамедов Н.С.;A17;2026;kk;26;exp5;сыртқы клиникалық өнімділік;defense\presentation\slides\26-exp5\kk.md
camera_group;Есмухамедов Н.С.;A17;2026;kk;27;exp6;камера тобы;defense\presentation\slides\27-exp6\kk.md
device_shift;Есмухамедов Н.С.;A17;2026;kk;27;exp6;құрылғылық ығысу;defense\presentation\slides\27-exp6\kk.md
small_data;Есмухамедов Н.С.;A17;2026;kk;28;exp7;деректері тапшы режим;defense\presentation\slides\28-exp7\kk.md
delong;Есмухамедов Н.С.;A17;2026;kk;30;conclusion;DeLong тесті;defense\presentation\slides\30-conclusion\kk.md
mcnemar;Есмухамедов Н.С.;A17;2026;kk;30;conclusion;McNemar тесті;defense\presentation\slides\30-conclusion\kk.md
bootstrap;Есмухамедов Н.С.;A17;2026;kk;30;conclusion;bootstrap аралықтары;defense\presentation\slides\30-conclusion\kk.md
class_imbalance;Есмухамедов Н.С.;A17;2026;kk;R1;limitations;класс теңгерімсіздігі;defense\presentation\slides\R1-limitations\kk.md
grad_cam;Есмухамедов Н.С.;A17;2026;kk;R1;limitations;Grad-CAM;defense\presentation\slides\R1-limitations\kk.md
theoretical;Есмухамедов Н.С.;A17;2026;kk;30;conclusion;Теориялық маңыздылығы;defense\presentation\slides\30-conclusion\kk.md
screening_system;Есмухамедов Н.С.;A17;2026;kk;29;screening-system;скрининг жүйесі;defense\presentation\slides\29-screening-system\kk.md
inference_service;Есмухамедов Н.С.;A17;2026;kk;29;screening-system;инференс сервисі;defense\presentation\slides\29-screening-system\kk.md
conclusion;Есмухамедов Н.С.;A17;2026;kk;30;conclusion;Қорытынды;defense\presentation\slides\30-conclusion\kk.md
objectives;Есмухамедов Н.С.;A17;2026;kk;30;conclusion;Міндеттері;defense\presentation\slides\30-conclusion\kk.md
publications;Есмухамедов Н.С.;A17;2026;kk;31;publications;Жарияланымдар;defense\presentation\slides\31-publications\kk.md
approbation;Есмухамедов Н.С.;A17;2026;kk;31;publications;Нәтижелердің апробациясы және жарияланымдар;defense\presentation\slides\31-publications\kk.md
certificate;Есмухамедов Н.С.;A17;2026;kk;32;certificate;Авторлық құқық туралы куәлік;defense\presentation\slides\32-certificate\kk.md
thanks;Есмухамедов Н.С.;A17;2026;kk;33;final;Назарларыңызға рахмет!;defense\presentation\slides\33-final\kk.md
focal_loss;Есмухамедов Н.С.;A17;2026;kk;06;system-architecture;focal loss;defense\presentation\slides\06-system-architecture\kk.md
flat_field;Есмухамедов Н.С.;A17;2026;kk;15;clahe;жарықтандыруды түзету;defense\presentation\slides\15-clahe\kk.md
grad_cam;Есмухамедов Н.С.;A17;2026;kk;29;screening-system;Grad-CAM;defense\presentation\slides\29-screening-system\kk.md
